"","id","no","year","month","day","treatment","section","landmark","fork.length_mm","weight_g","mature","cohort","phenotypic.sex","genotypic.sex","sex_merged","distance","cluster"
"1","0DDD",130,2016,8,15,"late","L2",442,73,4.8,"nd",2016,"nd","nd","nd",420,"3rd"
"2","0DDD",634,2017,5,27,"late","L2",447,99,10.6,"nd",2016,"nd","nd","nd",470,"3rd"
"3","0DDD",703,2017,7,29,"late","L2",447.5,104,12.3,"nd",2016,"nd","nd","nd",475,"3rd"
"4","0DDR",266,2016,8,18,"control","C2",498,100,11.9,"nd",2016,"nd","nd","nd",980,"1st"
"5","0DDR",390,2016,10,12,"control","C2",498,100,13.2,"0",2016,"nd","nd","nd",980,"1st"
"6","0DDY",125,2016,8,15,"late","L2",442,106,14,"nd",2016,"nd","nd","nd",420,"1st"
"7","0DRB",440,2016,10,13,"early ","E2",422,67,3.9,"0",2016,"nd","nd","nd",220,"2nd"
"8","0DRB",852,2017,10,12,"early ","E2",421,145,38.2,"1",2016,"male","nd","male",210,"2nd"
"9","0DRD",508,2017,3,28,"control","C1",457,76,6.4,"nd",2016,"nd","nd","nd",570,"3rd"
"10","0DRD",411,2016,10,12,"control","C1",457,77,5.6,"0",2016,"nd","nd","nd",570,"3rd"
"11","0DRD",860,2017,10,13,"control","C1",461,97,12.4,"0",2016,"nd","male","male",610,"3rd"
"12","0DRD",709,2017,7,29,"control","C1",459,97,13.7,"nd",2016,"nd","nd","nd",590,"3rd"
"13","0DRD",293,2016,8,18,"control","C1",457,67,4,"nd",2016,"nd","nd","nd",570,"3rd"
"14","0DRD",639,2017,5,27,"control","C1",457,85,9.8,"nd",2016,"nd","nd","nd",570,"3rd"
"15","0DRG",842,2017,10,12,"early ","E1",408,96,9,"0",2016,"nd","female","female",80,"3rd"
"16","0DRG",232,2016,8,17,"early ","E1",408,67,3.8,"nd",2016,"nd","nd","nd",80,"3rd"
"17","0DRG",580,2017,5,25,"early ","E1",409,90,7.6,"nd",2016,"nd","nd","nd",90,"3rd"
"18","0DRG",334,2016,10,11,"early ","E1",407,78,5.7,"0",2016,"nd","nd","nd",70,"3rd"
"19","0DRP",716,2017,7,29,"control","C1",463,104,13.3,"nd",2016,"nd","nd","nd",630,"3rd"
"20","0DRP",295,2016,8,18,"control","C1",462,71,4.6,"nd",2016,"nd","nd","nd",620,"3rd"
"21","0DRP",417,2016,10,12,"control","C1",460,75,5.4,"0",2016,"nd","nd","nd",600,"3rd"
"22","0DRP",864,2017,10,13,"control","C1",462,106,14.1,"0",2016,"nd","female","female",620,"3rd"
"23","0DRR",230,2016,8,17,"early ","E1",407,69,4.2,"nd",2016,"nd","nd","nd",70,"3rd"
"24","0DRR",574,2017,5,25,"early ","E1",404,105,12.9,"nd",2016,"nd","nd","nd",40,"3rd"
"25","0DRR",657,2017,7,27,"early ","E1",402,124,23.9,"nd",2016,"nd","nd","nd",20,"3rd"
"26","0DRY",292,2016,8,18,"control","C1",467,70,4.1,"nd",2016,"nd","nd","nd",670,"3rd"
"27","0DRY",426,2016,10,12,"control","C1",466,74,4.1,"0",2016,"nd","nd","nd",660,"3rd"
"28","0DYD",401,2016,10,12,"control","C2",501,76,5,"0",2016,"nd","nd","nd",1010,"3rd"
"29","0DYD",255,2016,8,18,"control","C2",501,74,4.5,"nd",2016,"nd","nd","nd",1010,"3rd"
"30","0DYY",494,2017,3,20,"control","C2",501,101,12.4,"nd",2016,"nd","nd","nd",1010,"2nd"
"31","0DYY",824,2017,10,11,"control","C2",501,141,32.6,"1",2016,"male","nd","male",1010,"2nd"
"32","0DYY",612,2017,5,26,"control","C2",501,132,21.5,"nd",2016,"nd","nd","nd",1010,"2nd"
"33","0DYY",742,2017,7,30,"control","C2",501,137,30.3,"nd",2016,"nd","nd","nd",1010,"2nd"
"34","0DYY",396,2016,10,12,"control","C2",500,88,8.1,"0",2016,"nd","nd","nd",1000,"2nd"
"35","0GBB",90,2016,5,28,"control","C2",496,62,3.1,"nd",2016,"nd","nd","nd",960,"3rd"
"36","0GBD",88,2016,5,28,"control","C2",494,77,5.9,"nd",2016,"nd","nd","nd",940,"2nd"
"37","0GBD",597,2017,5,26,"control","C2",494,127,23.9,"nd",2016,"nd","nd","nd",940,"2nd"
"38","0GBD",481,2017,3,20,"control","C2",495,112,16.6,"nd",2016,"nd","nd","nd",950,"2nd"
"39","0GBD",379,2016,10,12,"control","C2",494,90,8.3,"0",2016,"nd","nd","nd",940,"2nd"
"40","0GBD",817,2017,10,11,"control","C2",494,128,21.4,"0",2016,"nd","male","male",940,"2nd"
"41","0GBG",374,2016,10,12,"control","C2",494,95,11.1,"0",2016,"nd","nd","nd",940,"1st"
"42","0GBG",247,2016,8,18,"control","C2",493,85,7.6,"nd",2016,"nd","nd","nd",930,"1st"
"43","0GBG",727,2017,7,30,"control","C2",494,143,37,"nd",2016,"nd","nd","nd",940,"1st"
"44","0GBG",84,2016,5,28,"control","C2",493,75,5.6,"nd",2016,"nd","nd","nd",930,"1st"
"45","0GBG",589,2017,5,26,"control","C2",493,140,36.7,"nd",2016,"nd","nd","nd",930,"1st"
"46","0GBG",811,2017,10,11,"control","C2",494,146,41.7,"1",2016,"female","nd","female",940,"1st"
"47","0GBG",478,2017,3,20,"control","C2",494,115,18.7,"nd",2016,"nd","nd","nd",940,"1st"
"48","0GBP",812,2017,10,11,"control","C2",494,106,12.4,"0",2016,"nd","nd","nd",940,"3rd"
"49","0GBP",89,2016,5,28,"control","C2",495,60,2.2,"nd",2016,"nd","nd","nd",950,"3rd"
"50","0GBP",728,2017,7,30,"control","C2",494,104,12.4,"nd",2016,"nd","nd","nd",940,"3rd"
"51","0GBP",480,2017,3,20,"control","C2",494,77,5.4,"nd",2016,"nd","nd","nd",940,"3rd"
"52","0GBR",373,2016,10,12,"control","C2",493,75,4.8,"0",2016,"nd","nd","nd",930,"3rd"
"53","0GBR",83,2016,5,28,"control","C2",492,58,2.1,"nd",2016,"nd","nd","nd",920,"3rd"
"54","0GBR",595,2017,5,26,"control","C2",494,105,14.1,"nd",2016,"nd","nd","nd",940,"3rd"
"55","0GBY",397,2016,10,12,"control","C2",500,77,6,"0",2016,"nd","nd","nd",1000,"3rd"
"56","0GBY",87,2016,5,28,"control","C2",494,63,3.1,"nd",2016,"nd","nd","nd",940,"3rd"
"57","0GBY",821,2017,10,11,"control","C2",500,112,15.1,"0",2016,"nd","male","male",1000,"3rd"
"58","0GBY",496,2017,3,20,"control","C2",501,92,8.5,"nd",2016,"nd","nd","nd",1010,"3rd"
"59","0GDB",760,2017,7,31,"late","L3",476.5,126,21.2,"nd",2016,"nd","nd","nd",765,"2nd"
"60","0GDB",353,2016,10,11,"late","L3",475,83,7.6,"0",2016,"nd","nd","nd",750,"2nd"
"61","0GDB",160,2016,8,16,"late","L3",477,77,6.5,"nd",2016,"nd","nd","nd",770,"2nd"
"62","0GDB",619,2017,5,26,"late","L3",475,124,21.7,"nd",2016,"nd","nd","nd",750,"2nd"
"63","0GDB",73,2016,5,27,"late","L3",477,77,5.3,"nd",2016,"nd","nd","nd",770,"2nd"
"64","0GDB",528,2017,3,29,"late","L3",475,99,11.6,"nd",2016,"nd","nd","nd",750,"2nd"
"65","0GDD",622,2017,5,26,"late","L3",477,95,10.1,"nd",2016,"nd","nd","nd",770,"3rd"
"66","0GDD",761,2017,7,31,"late","L3",476.5,96,9.4,"nd",2016,"nd","nd","nd",765,"3rd"
"67","0GDD",360,2016,10,11,"late","L3",477,74,5,"0",2016,"nd","nd","nd",770,"3rd"
"68","0GDD",161,2016,8,16,"late","L3",477,69,3.7,"nd",2016,"nd","nd","nd",770,"3rd"
"69","0GDD",71,2016,5,27,"late","L3",477,62,3.5,"nd",2016,"nd","nd","nd",770,"3rd"
"70","0GDD",793,2017,10,11,"late","L3",477,105,14.4,"0",2016,"nd","female","female",770,"3rd"
"71","0GDG",758,2017,7,31,"late","L3",474,120,20.4,"nd",2016,"nd","nd","nd",740,"2nd"
"72","0GDG",157,2016,8,16,"late","L3",475,76,5.3,"nd",2016,"nd","nd","nd",750,"2nd"
"73","0GDG",352,2016,10,11,"late","L3",475,83,7.9,"0",2016,"nd","nd","nd",750,"2nd"
"74","0GDG",791,2017,10,11,"late","L3",474,132,31.4,"0",2016,"nd","female","female",740,"2nd"
"75","0GDG",524,2017,3,29,"late","L3",474,97,13.7,"nd",2016,"nd","nd","nd",740,"2nd"
"76","0GDG",69,2016,5,27,"late","L3",475,69,3.7,"nd",2016,"nd","nd","nd",750,"2nd"
"77","0GDP",72,2016,5,27,"late","L3",477,69,3.9,"nd",2016,"nd","nd","nd",770,"3rd"
"78","0GDP",162,2016,8,16,"late","L3",477,72,4.5,"nd",2016,"nd","nd","nd",770,"3rd"
"79","0GDR",621,2017,5,26,"late","L3",477,115,18.4,"nd",2016,"nd","nd","nd",770,"2nd"
"80","0GDR",529,2017,3,29,"late","L3",476.5,106,17.8,"nd",2016,"nd","nd","nd",765,"2nd"
"81","0GDR",68,2016,5,27,"late","L3",475,67,3.4,"nd",2016,"nd","nd","nd",750,"2nd"
"82","0GDR",155,2016,8,16,"late","L3",475,70,4.1,"nd",2016,"nd","nd","nd",750,"2nd"
"83","0GDR",796,2017,10,11,"late","L3",478,135,31.5,"0",2016,"nd","female","female",780,"2nd"
"84","0GDY",159,2016,8,16,"late","L3",476,70,3.4,"nd",2016,"nd","nd","nd",760,"3rd"
"85","0GDY",70,2016,5,27,"late","L3",476,70,3.6,"nd",2016,"nd","nd","nd",760,"3rd"
"86","0GGB",60,2016,5,27,"control","C1",461,72,4.4,"nd",2016,"nd","nd","nd",610,"2nd"
"87","0GGD",58,2016,5,27,"control","C1",459,57,2.4,"nd",2016,"nd","nd","nd",590,"3rd"
"88","0GGG",56,2016,5,27,"control","C1",459,74,4.3,"nd",2016,"nd","nd","nd",590,"2nd"
"89","0GGP",511,2017,3,28,"control","C1",458,77,5.2,"nd",2016,"nd","nd","nd",580,"3rd"
"90","0GGP",284,2016,8,18,"control","C1",460,70,4.2,"nd",2016,"nd","nd","nd",600,"3rd"
"91","0GGP",59,2016,5,27,"control","C1",460,61,2.6,"nd",2016,"nd","nd","nd",600,"3rd"
"92","0GGR",280,2016,8,18,"control","C1",458,80,6.1,"nd",2016,"nd","nd","nd",580,"2nd"
"93","0GGR",723,2017,7,29,"control","C1",468,119,21.1,"nd",2016,"nd","nd","nd",680,"2nd"
"94","0GGR",868,2017,10,13,"control","C1",466,123,19.1,"0",2016,"nd","female","female",660,"2nd"
"95","0GGR",55,2016,5,27,"control","C1",458,74,5,"nd",2016,"nd","nd","nd",580,"2nd"
"96","0GGR",510,2017,3,28,"control","C1",458,100,14.1,"nd",2016,"nd","nd","nd",580,"2nd"
"97","0GGR",640,2017,5,27,"control","C1",458,120,20.8,"nd",2016,"nd","nd","nd",580,"2nd"
"98","0GGY",415,2016,10,12,"control","C1",459,85,7.3,"0",2016,"nd","nd","nd",590,"3rd"
"99","0GGY",859,2017,10,13,"control","C1",459,102,11.4,"0",2016,"nd","female","female",590,"3rd"
"100","0GGY",513,2017,3,28,"control","C1",459,90,8.4,"nd",2016,"nd","nd","nd",590,"3rd"
"101","0GGY",57,2016,5,27,"control","C1",459,72,4.6,"nd",2016,"nd","nd","nd",590,"3rd"
"102","0GGY",283,2016,8,18,"control","C1",459,76,5.5,"nd",2016,"nd","nd","nd",590,"3rd"
"103","0GGY",641,2017,5,27,"control","C1",458,103,13,"nd",2016,"nd","nd","nd",580,"3rd"
"104","0GGY",711,2017,7,29,"control","C1",459,103,12,"nd",2016,"nd","nd","nd",590,"3rd"
"105","0GPB",79,2016,5,27,"late","L3",488,62,3.2,"nd",2016,"nd","nd","nd",880,"3rd"
"106","0GPD",77,2016,5,27,"late","L3",488,54,1.8,"nd",2016,"nd","nd","nd",880,"3rd"
"107","0GPG",74,2016,5,27,"late","L3",479,73,4.2,"nd",2016,"nd","nd","nd",790,"2nd"
"108","0GPG",166,2016,8,16,"late","L3",478,72,5,"nd",2016,"nd","nd","nd",780,"2nd"
"109","0GPP",800,2017,10,11,"late","L3",480,176,67.2,"1",2016,"male","nd","male",800,"1st"
"110","0GPP",770,2017,7,31,"late","L3",489,149,37.3,"nd",2016,"nd","nd","nd",890,"1st"
"111","0GPP",78,2016,5,27,"late","L3",488,58,2.3,"nd",2016,"nd","nd","nd",880,"1st"
"112","0GPP",627,2017,5,26,"late","L3",487,145,34.6,"nd",2016,"nd","nd","nd",870,"1st"
"113","0GPR",726,2017,7,30,"control","C2",492,124,24.8,"nd",2016,"nd","nd","nd",920,"2nd"
"114","0GPR",81,2016,5,28,"control","C2",492,75,5.9,"nd",2016,"nd","nd","nd",920,"2nd"
"115","0GPY",76,2016,5,27,"late","L3",485,65,3.6,"nd",2016,"nd","nd","nd",850,"3rd"
"116","0GRB",53,2016,5,27,"control","C1",457,60,2.4,"nd",2016,"nd","nd","nd",570,"3rd"
"117","0GRB",279,2016,8,18,"control","C1",457,71,4.2,"nd",2016,"nd","nd","nd",570,"3rd"
"118","0GRD",50,2016,5,25,"late","L2",447,66,3.7,"nd",2016,"nd","nd","nd",470,"2nd"
"119","0GRG",637,2017,5,27,"late","L2",450,120,19,"nd",2016,"nd","nd","nd",500,"2nd"
"120","0GRG",707,2017,7,29,"late","L2",451,117,16.9,"nd",2016,"nd","nd","nd",510,"2nd"
"121","0GRG",788,2017,10,10,"late","L2",451,119,20.8,"0",2016,"nd","female","female",510,"2nd"
"122","0GRG",48,2016,5,25,"late","L2",447,78,4.3,"nd",2016,"nd","nd","nd",470,"2nd"
"123","0GRP",316,2016,10,10,"late","L2",449,98,11.6,"0",2016,"nd","nd","nd",490,"2nd"
"124","0GRP",476,2017,3,19,"late","L2",450,105,14.9,"nd",2016,"nd","nd","nd",500,"2nd"
"125","0GRP",51,2016,5,25,"late","L2",449,70,4.1,"nd",2016,"nd","nd","nd",490,"2nd"
"126","0GRP",706,2017,7,29,"late","L2",449,131,25,"nd",2016,"nd","nd","nd",490,"2nd"
"127","0GRR",633,2017,5,27,"late","L2",446,134,23.8,"nd",2016,"nd","nd","nd",460,"2nd"
"128","0GRR",47,2016,5,25,"late","L2",444,62,2.5,"nd",2016,"nd","nd","nd",440,"2nd"
"129","0GRR",126,2016,8,15,"late","L2",444,72,4.7,"nd",2016,"nd","nd","nd",440,"2nd"
"130","0GRR",700,2017,7,29,"late","L2",444,136,26.7,"nd",2016,"nd","nd","nd",440,"2nd"
"131","0GRY",49,2016,5,25,"late","L2",447,75,4.9,"nd",2016,"nd","nd","nd",470,"2nd"
"132","0GYB",152,2016,8,16,"late","L3",474,75,5.3,"nd",2016,"nd","nd","nd",740,"3rd"
"133","0GYB",525,2017,3,29,"late","L3",474,90,8.7,"nd",2016,"nd","nd","nd",740,"3rd"
"134","0GYB",67,2016,5,27,"late","L3",474,60,2.6,"nd",2016,"nd","nd","nd",740,"3rd"
"135","0GYB",617,2017,5,26,"late","L3",474,111,15.5,"nd",2016,"nd","nd","nd",740,"3rd"
"136","0GYD",428,2016,10,12,"control","C1",467,86,9.1,"0",2016,"nd","nd","nd",670,"2nd"
"137","0GYD",65,2016,5,27,"control","C1",468,69,3.5,"nd",2016,"nd","nd","nd",680,"2nd"
"138","0GYD",298,2016,8,18,"control","C1",467,81,6.5,"nd",2016,"nd","nd","nd",670,"2nd"
"139","0GYG",654,2017,5,27,"control","C1",469,103,14,"nd",2016,"nd","nd","nd",690,"3rd"
"140","0GYG",875,2017,10,13,"control","C1",469,113,17.8,"0",2016,"nd","nd","nd",690,"3rd"
"141","0GYG",522,2017,3,28,"control","C1",468,85,7.8,"nd",2016,"nd","nd","nd",680,"3rd"
"142","0GYG",63,2016,5,27,"control","C1",468,63,3.5,"nd",2016,"nd","nd","nd",680,"3rd"
"143","0GYG",725,2017,7,29,"control","C1",469,108,15.9,"nd",2016,"nd","nd","nd",690,"3rd"
"144","0GYP",66,2016,5,27,"late","L3",473,78,5.8,"nd",2016,"nd","nd","nd",730,"1st"
"145","0GYR",870,2017,10,13,"control","C1",466,107,15.6,"0",2016,"nd","nd","nd",660,"3rd"
"146","0GYR",519,2017,3,28,"control","C1",466,76,5.5,"nd",2016,"nd","nd","nd",660,"3rd"
"147","0GYR",719,2017,7,29,"control","C1",466,106,15.3,"nd",2016,"nd","nd","nd",660,"3rd"
"148","0GYR",61,2016,5,27,"control","C1",465,59,2.8,"nd",2016,"nd","nd","nd",650,"3rd"
"149","0GYY",64,2016,5,27,"control","C1",468,61,2.8,"nd",2016,"nd","nd","nd",680,"3rd"
"150","0GYY",873,2017,10,13,"control","C1",468,113,17.1,"0",2016,"nd","nd","nd",680,"3rd"
"151","0GYY",724,2017,7,29,"control","C1",469,111,17.1,"nd",2016,"nd","nd","nd",690,"3rd"
"152","0GYY",652,2017,5,27,"control","C1",468,103,15.3,"nd",2016,"nd","nd","nd",680,"3rd"
"153","0RBB",638,2017,5,27,"control","C1",456,119,19.4,"nd",2016,"nd","nd","nd",560,"3rd"
"154","0RBB",509,2017,3,28,"control","C1",457,84,6.6,"nd",2016,"nd","nd","nd",570,"3rd"
"155","0RBB",54,2016,5,27,"control","C1",457,62,2.8,"nd",2016,"nd","nd","nd",570,"3rd"
"156","0RBD",46,2016,5,25,"late","L2",443,73,5.1,"nd",2016,"nd","nd","nd",430,"2nd"
"157","0RBG",44,2016,5,25,"late","L1",439,56,2,"nd",2016,"nd","nd","nd",390,"3rd"
"158","0RBP",52,2016,5,27,"control","C1",456,72,4.2,"nd",2016,"nd","nd","nd",560,"2nd"
"159","0RBY",45,2016,5,25,"late","L1",439,73,4.2,"nd",2016,"nd","nd","nd",390,"2nd"
"160","0RDB",35,2016,5,25,"late","L1",431,61,3.3,"nd",2016,"nd","nd","nd",310,"2nd"
"161","0RDB",133,2016,8,16,"late","L1",431,80,6.4,"nd",2016,"nd","nd","nd",310,"2nd"
"162","0RDB",302,2016,10,10,"late","L1",431,96,12.3,"0",2016,"nd","nd","nd",310,"2nd"
"163","0RDD",33,2016,5,24,"early ","E2",423,60,2.8,"nd",2016,"nd","nd","nd",230,"3rd"
"164","0RDG",543,2017,5,24,"early ","E2",418,113,20.3,"nd",2016,"nd","nd","nd",180,"2nd"
"165","0RDG",31,2016,5,24,"early ","E2",423,67,3.4,"nd",2016,"nd","nd","nd",230,"2nd"
"166","0RDG",446,2016,10,13,"early ","E2",424,94,9.5,"0",2016,"nd","nd","nd",240,"2nd"
"167","0RDG",463,2017,3,18,"early ","E2",424,101,12.5,"nd",2016,"nd","nd","nd",240,"2nd"
"168","0RDP",693,2017,7,28,"late","L1",436,101,10.5,"nd",2016,"nd","nd","nd",360,"3rd"
"169","0RDP",560,2017,5,24,"late","L1",436,98,10.6,"nd",2016,"nd","nd","nd",360,"3rd"
"170","0RDP",34,2016,5,25,"late","L1",431,54,1.8,"nd",2016,"nd","nd","nd",310,"3rd"
"171","0RDR",206,2016,8,17,"early ","E2",423,75,4.4,"nd",2016,"nd","nd","nd",230,"2nd"
"172","0RDR",30,2016,5,24,"early ","E2",423,69,4.4,"nd",2016,"nd","nd","nd",230,"2nd"
"173","0RDR",686,2017,7,28,"early ","E2",424,135,31.9,"nd",2016,"nd","nd","nd",240,"2nd"
"174","0RDY",32,2016,5,24,"early ","E2",423,66,3.9,"nd",2016,"nd","nd","nd",230,"2nd"
"175","0RGB",213,2016,8,17,"early ","E2",418,100,13.4,"nd",2016,"nd","nd","nd",180,"1st"
"176","0RGB",21,2016,5,24,"early ","E2",417,74,4.9,"nd",2016,"nd","nd","nd",170,"1st"
"177","0RGB",673,2017,7,28,"early ","E2",415,171,61.9,"nd",2016,"nd","nd","nd",150,"1st"
"178","0RGB",431,2016,10,13,"early ","E2",418,105,13,"0",2016,"nd","nd","nd",180,"1st"
"179","0RGD",843,2017,10,12,"early ","E1",408,143,30.1,"0",2016,"nd","nd","nd",80,"1st"
"180","0RGD",472,2017,3,19,"early ","E2",415,121,22.9,"nd",2016,"nd","nd","nd",150,"1st"
"181","0RGD",579,2017,5,25,"early ","E1",408,135,26.8,"nd",2016,"nd","nd","nd",80,"1st"
"182","0RGD",18,2016,5,24,"early ","E2",415,71,4.4,"nd",2016,"nd","nd","nd",150,"1st"
"183","0RGG",11,2016,5,24,"early ","E1",408,77,5,"nd",2016,"nd","nd","nd",80,"1st"
"184","0RGG",223,2016,8,17,"early ","E1",406,92,9.4,"nd",2016,"nd","nd","nd",60,"1st"
"185","0RGG",332,2016,10,11,"early ","E1",408,99,11.4,"0",2016,"nd","nd","nd",80,"1st"
"186","0RGP",19,2016,5,24,"early ","E2",416,65,4.3,"nd",2016,"nd","nd","nd",160,"3rd"
"187","0RGR",10,2016,5,24,"early ","E1",407,61,2.7,"nd",2016,"nd","nd","nd",70,"3rd"
"188","0RGY",470,2017,3,19,"early ","E2",412,91,8.3,"nd",2016,"nd","nd","nd",120,"2nd"
"189","0RGY",540,2017,5,24,"early ","E2",411.5,110,16.4,"nd",2016,"nd","nd","nd",115,"2nd"
"190","0RGY",846,2017,10,12,"early ","E1",409,144,33.8,"1",2016,"male","nd","male",90,"2nd"
"191","0RGY",345,2016,10,11,"early ","E2",412,81,6.3,"0",2016,"nd","nd","nd",120,"2nd"
"192","0RGY",16,2016,5,24,"early ","E2",410,64,3.1,"nd",2016,"nd","nd","nd",100,"2nd"
"193","0RPB",43,2016,5,25,"late","L1",438,64,2.9,"nd",2016,"nd","nd","nd",380,"3rd"
"194","0RPD",696,2017,7,28,"late","L1",438,130,26.3,"nd",2016,"nd","nd","nd",380,"2nd"
"195","0RPD",309,2016,10,10,"late","L1",437,79,7,"0",2016,"nd","nd","nd",370,"2nd"
"196","0RPD",41,2016,5,25,"late","L1",437,75,4.9,"nd",2016,"nd","nd","nd",370,"2nd"
"197","0RPG",39,2016,5,25,"late","L1",433,63,2.6,"nd",2016,"nd","nd","nd",330,"3rd"
"198","0RPP",42,2016,5,25,"late","L1",438,67,3.5,"nd",2016,"nd","nd","nd",380,"2nd"
"199","0RPR",687,2017,7,28,"late","L1",432,121,20.2,"nd",2016,"nd","nd","nd",320,"2nd"
"200","0RPR",37,2016,5,25,"late","L1",432,61,2.8,"nd",2016,"nd","nd","nd",320,"2nd"
"201","0RPR",772,2017,10,10,"late","L1",432,143,39.3,"0",2016,"nd","nd","nd",320,"2nd"
"202","0RPR",523,2017,3,29,"late","L1",NA,104,14.4,"nd",2016,"nd","nd","nd",NA,"2nd"
"203","0RPR",551,2017,5,24,"late","L1",432,118,19.3,"nd",2016,"nd","nd","nd",320,"2nd"
"204","0RPY",40,2016,5,25,"late","L1",435,66,3.6,"nd",2016,"nd","nd","nd",350,"2nd"
"205","0RPY",147,2016,8,16,"late","L1",436,73,4.4,"nd",2016,"nd","nd","nd",360,"2nd"
"206","0RPY",308,2016,10,10,"late","L1",436,91,10,"0",2016,"nd","nd","nd",360,"2nd"
"207","0RPY",555,2017,5,24,"late","L1",433,122,21,"nd",2016,"nd","nd","nd",330,"2nd"
"208","0RPY",688,2017,7,28,"late","L1",433,123,20.5,"nd",2016,"nd","nd","nd",330,"2nd"
"209","0RPY",771,2017,10,10,"late","L1",432,143,40.6,"1",2016,"female","nd","female",320,"2nd"
"210","0RRB",15,2016,5,24,"early ","E2",410,64,3.2,"nd",2016,"nd","nd","nd",100,"2nd"
"211","0RRB",578,2017,5,25,"early ","E1",408,115,17.2,"nd",2016,"nd","nd","nd",80,"2nd"
"212","0RRB",840,2017,10,12,"early ","E1",405.5,130,25.2,"0",2016,"nd","nd","nd",55,"2nd"
"213","0RRB",665,2017,7,27,"early ","E1",406,127,26.6,"nd",2016,"nd","nd","nd",60,"2nd"
"214","0RRB",451,2017,3,18,"early ","E1",408,95,11.6,"nd",2016,"nd","nd","nd",80,"2nd"
"215","0RRD",224,2016,8,17,"early ","E1",406,83,4.8,"nd",2016,"nd","nd","nd",60,"2nd"
"216","0RRD",9,2016,5,24,"early ","E1",406,66,3.4,"nd",2016,"nd","nd","nd",60,"2nd"
"217","0RRG",4,2016,5,24,"early ","E1",404,57,2.1,"nd",2016,"nd","nd","nd",40,"3rd"
"218","0RRP",13,2016,5,24,"early ","E1",409,64,5.5,"nd",2016,"nd","nd","nd",90,"3rd"
"219","0RRR",328,2016,10,11,"early ","E1",404,106,14.6,"0",2016,"nd","nd","nd",40,"1st"
"220","0RRR",2,2016,5,24,"early ","E1",404,69,3.9,"nd",2016,"nd","nd","nd",40,"1st"
"221","0RRR",839,2017,10,12,"early ","E1",404,162,46.4,"1",2016,"female","nd","female",40,"1st"
"222","0RRR",663,2017,7,27,"early ","E1",404,159,49,"nd",2016,"nd","nd","nd",40,"1st"
"223","0RRR",573,2017,5,25,"early ","E1",404,140,30.8,"nd",2016,"nd","nd","nd",40,"1st"
"224","0RRY",220,2016,8,17,"early ","E1",404,78,6.1,"nd",2016,"nd","nd","nd",40,"2nd"
"225","0RRY",450,2017,3,18,"early ","E1",404,101,12.8,"nd",2016,"nd","nd","nd",40,"2nd"
"226","0RRY",5,2016,5,24,"early ","E1",404,61,3.3,"nd",2016,"nd","nd","nd",40,"2nd"
"227","0RRY",321,2016,10,11,"early ","E1",404,90,9,"0",2016,"nd","nd","nd",40,"2nd"
"228","0RYB",29,2016,5,24,"early ","E2",423,68,4.2,"nd",2016,"nd","nd","nd",230,"2nd"
"229","0RYB",208,2016,8,17,"early ","E2",423,77,4.3,"nd",2016,"nd","nd","nd",230,"2nd"
"230","0RYB",848,2017,10,12,"early ","E2",417.5,122,22.4,"0",2016,"nd","male","male",175,"2nd"
"231","0RYB",545,2017,5,24,"early ","E2",419,102,13.4,"nd",2016,"nd","nd","nd",190,"2nd"
"232","0RYB",445,2016,10,13,"early ","E2",423,77,5.2,"0",2016,"nd","nd","nd",230,"2nd"
"233","0RYD",26,2016,5,24,"early ","E2",420,57,2,"nd",2016,"nd","nd","nd",200,"3rd"
"234","0RYD",851,2017,10,12,"early ","E2",421,118,16.9,"0",2016,"nd","nd","nd",210,"3rd"
"235","0RYD",679,2017,7,28,"early ","E2",421,116,17.9,"nd",2016,"nd","nd","nd",210,"3rd"
"236","0RYG",24,2016,5,24,"early ","E2",420,71,4.1,"nd",2016,"nd","nd","nd",200,"2nd"
"237","0RYG",195,2016,8,17,"early ","E2",420,90,9.8,"nd",2016,"nd","nd","nd",200,"2nd"
"238","0RYG",432,2016,10,13,"early ","E2",419,95,11.8,"0",2016,"nd","nd","nd",190,"2nd"
"239","0RYR",22,2016,5,24,"early ","E2",419,58,2.8,"nd",2016,"nd","nd","nd",190,"3rd"
"240","0RYR",193,2016,8,17,"early ","E2",419,69,4.4,"nd",2016,"nd","nd","nd",190,"3rd"
"241","0RYY",194,2016,8,17,"early ","E2",420,110,18.8,"nd",2016,"nd","nd","nd",200,"1st"
"242","0RYY",25,2016,5,24,"early ","E2",420,70,3.9,"nd",2016,"nd","nd","nd",200,"1st"
"243","0RYY",454,2017,3,18,"early ","E2",420,130,24.7,"nd",2016,"nd","nd","nd",200,"1st"
"244","0RYY",544,2017,5,24,"early ","E2",419,151,36.3,"nd",2016,"nd","nd","nd",190,"1st"
"245","0YBD",154,2016,8,16,"late","L3",474,63,2.9,"nd",2016,"nd","nd","nd",740,"3rd"
"246","0YBG",151,2016,8,16,"late","L3",473,67,3.5,"nd",2016,"nd","nd","nd",730,"3rd"
"247","0YBR",317,2016,10,10,"late","L2",452,72,4.7,"0",2016,"nd","nd","nd",520,"3rd"
"248","0YBR",131,2016,8,15,"late","L2",447,66,3.7,"nd",2016,"nd","nd","nd",470,"3rd"
"249","0YBY",153,2016,8,16,"late","L3",474,56,2.1,"nd",2016,"nd","nd","nd",740,"3rd"
"250","0YBY",629,2017,5,26,"late","L3",476,82,7,"nd",2016,"nd","nd","nd",760,"3rd"
"251","0YBY",762,2017,7,31,"late","L3",476.5,83,6.2,"nd",2016,"nd","nd","nd",765,"3rd"
"252","0YBY",798,2017,10,11,"late","L3",479,87,8,"0",2016,"nd","nd","nd",790,"3rd"
"253","0YDB",122,2016,5,29,"early ","E3",530,60,2.7,"nd",2016,"nd","nd","nd",1300,"1st"
"254","0YDB",749,2017,7,30,"early ","E3",522,162,59.2,"nd",2016,"nd","nd","nd",1220,"1st"
"255","0YDB",184,2016,8,17,"early ","E3",530,82,7,"nd",2016,"nd","nd","nd",1300,"1st"
"256","0YDB",881,2017,10,13,"early ","E3",525,168,58.2,"1",2016,"male","nd","male",1250,"1st"
"257","0YDB",565,2017,5,25,"early ","E3",523,143,38,"nd",2016,"nd","nd","nd",1230,"1st"
"258","0YDD",118,2016,5,28,"control","C3",509,95,10,"nd",2016,"nd","nd","nd",1090,"1st"
"259","0YDG",407,2016,10,12,"control","C3",508,114,16.9,"0",2016,"nd","nd","nd",1080,"1st"
"260","0YDG",116,2016,5,28,"control","C3",508,79,5.3,"nd",2016,"nd","nd","nd",1080,"1st"
"261","0YDP",121,2016,5,29,"early ","E3",527,68,3.5,"nd",2016,"nd","nd","nd",1270,"2nd"
"262","0YDP",183,2016,8,17,"early ","E3",528,77,5,"nd",2016,"nd","nd","nd",1280,"2nd"
"263","0YDR",404,2016,10,12,"control","C3",507,101,11.8,"0",2016,"nd","nd","nd",1070,"1st"
"264","0YDR",830,2017,10,11,"control","C3",507,163,51.3,"1",2016,"female","nd","female",1070,"1st"
"265","0YDR",114,2016,5,28,"control","C3",507,83,7.4,"nd",2016,"nd","nd","nd",1070,"1st"
"266","0YDY",117,2016,5,28,"control","C3",508,70,3.8,"nd",2016,"nd","nd","nd",1080,"2nd"
"267","0YDY",406,2016,10,12,"control","C3",508,95,10.3,"0",2016,"nd","nd","nd",1080,"2nd"
"268","0YGB",104,2016,5,28,"control","C3",502,78,6.4,"nd",2016,"nd","nd","nd",1020,"1st"
"269","0YGD",102,2016,5,28,"control","C2",500,75,4.4,"nd",2016,"nd","nd","nd",1000,"2nd"
"270","0YGG",398,2016,10,12,"control","C2",500,81,6.1,"0",2016,"nd","nd","nd",1000,"2nd"
"271","0YGG",98,2016,5,28,"control","C2",499,74,4.7,"nd",2016,"nd","nd","nd",990,"2nd"
"272","0YGG",823,2017,10,11,"control","C2",500,110,14.6,"0",2016,"nd","female","female",1000,"2nd"
"273","0YGP",829,2017,10,11,"control","C3",504,133,25.8,"1",2016,"female","nd","female",1040,"2nd"
"274","0YGP",745,2017,7,30,"control","C3",504,133,27.8,"nd",2016,"nd","nd","nd",1040,"2nd"
"275","0YGP",500,2017,3,20,"control","C3",505,111,16.6,"nd",2016,"nd","nd","nd",1050,"2nd"
"276","0YGP",403,2016,10,12,"control","C3",503,97,10.8,"0",2016,"nd","nd","nd",1030,"2nd"
"277","0YGP",103,2016,5,28,"control","C3",502,70,4.1,"nd",2016,"nd","nd","nd",1020,"2nd"
"278","0YGR",97,2016,5,28,"control","C2",499,79,5.4,"nd",2016,"nd","nd","nd",990,"1st"
"279","0YGY",101,2016,5,28,"control","C2",500,73,4.2,"nd",2016,"nd","nd","nd",1000,"2nd"
"280","0YPB",493,2017,3,20,"control","C2",500,77,6.3,"nd",2016,"nd","nd","nd",1000,"3rd"
"281","0YPB",272,2016,8,18,"control","C2",500,73,4.4,"nd",2016,"nd","nd","nd",1000,"3rd"
"282","0YPB",610,2017,5,26,"control","C2",500,95,10.2,"nd",2016,"nd","nd","nd",1000,"3rd"
"283","0YPD",221,2016,8,17,"early ","E1",404,68,4,"nd",2016,"nd","nd","nd",40,"3rd"
"284","0YPD",834,2017,10,12,"early ","E1",403,121,23.1,"1",2016,"female","nd","female",30,"3rd"
"285","0YPD",327,2016,10,11,"early ","E1",404,74,5,"0",2016,"nd","nd","nd",40,"3rd"
"286","0YPD",452,2017,3,18,"early ","E1",408,76,6.3,"nd",2016,"nd","nd","nd",80,"3rd"
"287","0YPD",658,2017,7,27,"early ","E1",402,118,27.1,"nd",2016,"nd","nd","nd",20,"3rd"
"288","0YPG",192,2016,8,17,"early ","E2",419,64,3.1,"nd",2016,"nd","nd","nd",190,"3rd"
"289","0YPP",225,2016,8,17,"early ","E1",407,71,4.2,"nd",2016,"nd","nd","nd",70,"2nd"
"290","0YPP",333,2016,10,11,"early ","E1",409,86,5.1,"0",2016,"nd","nd","nd",90,"2nd"
"291","0YPR",808,2017,10,11,"late","L3",488,126,23.5,"0",2016,"nd","male","male",880,"3rd"
"292","0YPR",175,2016,8,16,"late","L3",488,65,3.4,"nd",2016,"nd","nd","nd",880,"3rd"
"293","0YPY",549,2017,5,24,"early ","E2",420,112,17.1,"nd",2016,"nd","nd","nd",200,"2nd"
"294","0YPY",198,2016,8,17,"early ","E2",420,68,4,"nd",2016,"nd","nd","nd",200,"2nd"
"295","0YPY",677,2017,7,28,"early ","E2",419,147,41.4,"nd",2016,"nd","nd","nd",190,"2nd"
"296","0YPY",456,2017,3,18,"early ","E2",420,83,6.5,"nd",2016,"nd","nd","nd",200,"2nd"
"297","0YRB",738,2017,7,30,"control","C2",500,143,29.4,"nd",2016,"nd","nd","nd",1000,"1st"
"298","0YRB",822,2017,10,11,"control","C2",500,142,27,"0",2016,"nd","male","male",1000,"1st"
"299","0YRB",96,2016,5,28,"control","C2",499,77,5.1,"nd",2016,"nd","nd","nd",990,"1st"
"300","0YRB",611,2017,5,26,"control","C2",501,137,29.3,"nd",2016,"nd","nd","nd",1010,"1st"
"301","0YRB",400,2016,10,12,"control","C2",500,88,7.3,"0",2016,"nd","nd","nd",1000,"1st"
"302","0YRD",392,2016,10,12,"control","C2",499,84,6.5,"0",2016,"nd","nd","nd",990,"2nd"
"303","0YRD",252,2016,8,18,"control","C2",499,77,5.4,"nd",2016,"nd","nd","nd",990,"2nd"
"304","0YRD",94,2016,5,28,"control","C2",498,69,3.7,"nd",2016,"nd","nd","nd",980,"2nd"
"305","0YRG",384,2016,10,12,"control","C2",497,85,6.9,"0",2016,"nd","nd","nd",970,"2nd"
"306","0YRG",599,2017,5,26,"control","C2",497,109,15.9,"nd",2016,"nd","nd","nd",970,"2nd"
"307","0YRG",732,2017,7,30,"control","C2",497.5,113,16.4,"nd",2016,"nd","nd","nd",975,"2nd"
"308","0YRG",484,2017,3,20,"control","C2",497,91,7.7,"nd",2016,"nd","nd","nd",970,"2nd"
"309","0YRG",92,2016,5,28,"control","C2",497,78,5.6,"nd",2016,"nd","nd","nd",970,"2nd"
"310","0YRG",819,2017,10,11,"control","C2",497,114,15.5,"0",2016,"nd","male","male",970,"2nd"
"311","0YRP",95,2016,5,28,"control","C2",498,81,6.1,"nd",2016,"nd","nd","nd",980,"1st"
"312","0YRR",383,2016,10,12,"control","C2",496,94,10.1,"0",2016,"nd","nd","nd",960,"1st"
"313","0YRR",818,2017,10,11,"control","C2",496,145,36.3,"1",2016,"female","nd","female",960,"1st"
"314","0YRR",598,2017,5,26,"control","C2",496,132,29.6,"nd",2016,"nd","nd","nd",960,"1st"
"315","0YRR",485,2017,3,20,"control","C2",497,110,16.6,"nd",2016,"nd","nd","nd",970,"1st"
"316","0YRR",91,2016,5,28,"control","C2",496,75,6,"nd",2016,"nd","nd","nd",960,"1st"
"317","0YRY",489,2017,3,20,"control","C2",499,117,19.7,"nd",2016,"nd","nd","nd",990,"1st"
"318","0YRY",603,2017,5,26,"control","C2",499,153,36.4,"nd",2016,"nd","nd","nd",990,"1st"
"319","0YRY",93,2016,5,28,"control","C2",498,81,5.3,"nd",2016,"nd","nd","nd",980,"1st"
"320","0YRY",389,2016,10,12,"control","C2",498,95,9.6,"0",2016,"nd","nd","nd",980,"1st"
"321","0YRY",251,2016,8,18,"control","C2",498,88,8.1,"nd",2016,"nd","nd","nd",980,"1st"
"322","0YRY",735,2017,7,30,"control","C2",499,149,36.7,"nd",2016,"nd","nd","nd",990,"1st"
"323","0YYB",502,2017,3,20,"control","C3",507,111,16.8,"nd",2016,"nd","nd","nd",1070,"2nd"
"324","0YYB",113,2016,5,28,"control","C3",507,75,5.7,"nd",2016,"nd","nd","nd",1070,"2nd"
"325","0YYB",405,2016,10,12,"control","C3",507,90,8.5,"0",2016,"nd","nd","nd",1070,"2nd"
"326","0YYB",259,2016,8,18,"control","C3",507,83,6.9,"nd",2016,"nd","nd","nd",1070,"2nd"
"327","0YYD",615,2017,5,26,"control","C3",506,160,48.8,"nd",2016,"nd","nd","nd",1060,"1st"
"328","0YYD",258,2016,8,18,"control","C3",504,98,11.5,"nd",2016,"nd","nd","nd",1040,"1st"
"329","0YYD",111,2016,5,28,"control","C3",504,85,6.6,"nd",2016,"nd","nd","nd",1040,"1st"
"330","0YYD",501,2017,3,20,"control","C3",506,139,31.3,"nd",2016,"nd","nd","nd",1060,"1st"
"331","0YYD",828,2017,10,11,"control","C3",504,182,72.4,"1",2016,"female","nd","female",1040,"1st"
"332","0YYG",497,2017,3,20,"control","C3",502,118,23.6,"nd",2016,"nd","nd","nd",1020,"2nd"
"333","0YYG",108,2016,5,28,"control","C3",503,71,4.9,"nd",2016,"nd","nd","nd",1030,"2nd"
"334","0YYG",274,2016,8,18,"control","C3",503,81,6.7,"nd",2016,"nd","nd","nd",1030,"2nd"
"335","0YYP",744,2017,7,30,"control","C3",504,134,23.1,"nd",2016,"nd","nd","nd",1040,"2nd"
"336","0YYP",112,2016,5,28,"control","C3",505,71,3.7,"nd",2016,"nd","nd","nd",1050,"2nd"
"337","0YYR",105,2016,5,28,"control","C3",502,64,2.9,"nd",2016,"nd","nd","nd",1020,"3rd"
"338","0YYR",499,2017,3,20,"control","C3",505,83,8.3,"nd",2016,"nd","nd","nd",1050,"3rd"
"339","0YYY",110,2016,5,28,"control","C3",504,68,3.9,"nd",2016,"nd","nd","nd",1040,"2nd"
"340","BBBB",257,2016,8,18,"control","C3",503,124,22.9,"nd",2016,"nd","nd","nd",1030,"1st"
"341","BBBB",106,2016,5,28,"control","C3",503,88,8.1,"nd",2016,"nd","nd","nd",1030,"1st"
"342","BPBB",100,2016,5,28,"control","C2",500,88,7.6,"nd",2016,"nd","nd","nd",1000,"1st"
"343","BPBB",270,2016,8,18,"control","C2",500,94,9.2,"nd",2016,"nd","nd","nd",1000,"1st"
"344","BPBB",609,2017,5,26,"control","C2",500,142,34,"nd",2016,"nd","nd","nd",1000,"1st"
"345","BPBB",395,2016,10,12,"control","C2",500,103,12.1,"0",2016,"nd","nd","nd",1000,"1st"
"346","BPBP",269,2016,8,18,"control","C2",500,99,11.3,"nd",2016,"nd","nd","nd",1000,"1st"
"347","BPBP",99,2016,5,28,"control","C2",500,94,9.6,"nd",2016,"nd","nd","nd",1000,"1st"
"348","BPPPBB",844,2017,10,12,"early ","E1",409,166,47.9,"1",2016,"male","nd","male",90,"1st"
"349","BPPPBB",586,2017,5,25,"early ","E1",409,159,43.7,"nd",2016,"nd","nd","nd",90,"1st"
"350","BPPPBB",668,2017,7,27,"early ","E1",409,165,52.6,"nd",2016,"nd","nd","nd",90,"1st"
"351","BPPPBB",347,2016,10,11,"early ","E2",414,146,41.6,"1",2016,"male","nd","male",140,"1st"
"352","BPPPPB",344,2016,10,11,"early ","E2",412,83,6.7,"0",2016,"nd","nd","nd",120,"2nd"
"353","BPPPPB",471,2017,3,19,"early ","E2",412,87,8.8,"nd",2016,"nd","nd","nd",120,"2nd"
"354","BPPPPB",670,2017,7,28,"early ","E2",410,128,28.6,"nd",2016,"nd","nd","nd",100,"2nd"
"355","BPPPPP",342,2016,10,11,"early ","E2",412,98,10.3,"0",2016,"nd","nd","nd",120,"1st"
"356","PBBB",86,2016,5,28,"control","C2",494,82,7.4,"nd",2016,"nd","nd","nd",940,"2nd"
"357","PBBB",249,2016,8,18,"control","C2",494,83,6.4,"nd",2016,"nd","nd","nd",940,"2nd"
"358","PBBB",377,2016,10,12,"control","C2",494,86,7,"0",2016,"nd","nd","nd",940,"2nd"
"359","PBBB",810,2017,10,11,"control","C2",494,133,25.5,"0",2016,"nd","female","female",940,"2nd"
"360","PBBB",590,2017,5,26,"control","C2",493,120,22.5,"nd",2016,"nd","nd","nd",930,"2nd"
"361","PBBP",85,2016,5,28,"control","C2",493,89,7.7,"nd",2016,"nd","nd","nd",930,"1st"
"362","PBBP",730,2017,7,30,"control","C2",494,138,28.4,"nd",2016,"nd","nd","nd",940,"1st"
"363","PBBP",815,2017,10,11,"control","C2",494,139,28.2,"0",2016,"nd","nd","nd",940,"1st"
"364","PBBP",596,2017,5,26,"control","C2",494,139,29,"nd",2016,"nd","nd","nd",940,"1st"
"365","PBPB",82,2016,5,28,"control","C2",492,90,9,"nd",2016,"nd","nd","nd",920,"1st"
"366","PBPB",872,2017,10,13,"control","C1",468,133,29.2,"0",2016,"nd","female","female",680,"1st"
"367","PBPB",375,2016,10,12,"control","C2",494,96,12.3,"0",2016,"nd","nd","nd",940,"1st"
"368","PBPB",244,2016,8,18,"control","C2",492,94,11,"nd",2016,"nd","nd","nd",920,"1st"
"369","PBPB",722,2017,7,29,"control","C1",468,124,24.6,"nd",2016,"nd","nd","nd",680,"1st"
"370","PBPB",653,2017,5,27,"control","C1",468,120,21.9,"nd",2016,"nd","nd","nd",680,"1st"
"371","PBPP",368,2016,10,11,"late","L3",489,112,17.8,"0",2016,"nd","nd","nd",890,"1st"
"372","PBPP",764,2017,7,31,"late","L3",481,153,38.4,"nd",2016,"nd","nd","nd",810,"1st"
"373","PBPP",177,2016,8,16,"late","L3",489,101,12.1,"nd",2016,"nd","nd","nd",890,"1st"
"374","PBPP",80,2016,5,27,"late","L3",489,84,7.1,"nd",2016,"nd","nd","nd",890,"1st"
"375","PBPP",537,2017,3,29,"late","L3",489,125,20.5,"nd",2016,"nd","nd","nd",890,"1st"
"376","PBPPBB",299,2016,10,10,"early ","E3",523,116,18.4,"1",2016,"male","nd","male",1230,"1st"
"377","PBPPBB",120,2016,5,29,"early ","E3",523,91,10,"nd",2016,"nd","nd","nd",1230,"1st"
"378","PBPPBB",178,2016,8,17,"early ","E3",522,110,16.6,"nd",2016,"nd","nd","nd",1220,"1st"
"379","PBPPPB",750,2017,7,30,"early ","E3",525,170,59.7,"nd",2016,"nd","nd","nd",1250,"1st"
"380","PBPPPB",186,2016,8,17,"early ","E3",525,101,12.1,"nd",2016,"nd","nd","nd",1250,"1st"
"381","PBPPPB",566,2017,5,25,"early ","E3",525,146,38.7,"nd",2016,"nd","nd","nd",1250,"1st"
"382","PBPPPB",300,2016,10,10,"early ","E3",525,102,12,"0",2016,"nd","nd","nd",1250,"1st"
"383","PBPPPB",119,2016,5,29,"early ","E3",521,87,7.3,"nd",2016,"nd","nd","nd",1210,"1st"
"384","PPBPBP",115,2016,5,28,"control","C3",508,89,8.4,"nd",2016,"nd","nd","nd",1080,"1st"
"385","PPBPBP",260,2016,8,18,"control","C3",508,100,11.7,"nd",2016,"nd","nd","nd",1080,"1st"
"386","PPPB",167,2016,8,16,"late","L3",482,101,11.9,"nd",2016,"nd","nd","nd",820,"1st"
"387","PPPB",804,2017,10,11,"late","L3",485,172,61.7,"1",2016,"male","nd","male",850,"1st"
"388","PPPB",75,2016,5,27,"late","L3",482,85,7.1,"nd",2016,"nd","nd","nd",820,"1st"
"389","PPPPPB",109,2016,5,28,"control","C3",504,98,13.2,"nd",2016,"nd","nd","nd",1040,"1st"
"390","PPPPPP",477,2017,3,20,"control","C2",492,104,14,"nd",2016,"nd","nd","nd",920,"2nd"
"391","PPPPPP",107,2016,5,28,"control","C3",503,83,6.3,"nd",2016,"nd","nd","nd",1030,"2nd"
"392","PPPPPP",592,2017,5,26,"control","C2",493,122,21.4,"nd",2016,"nd","nd","nd",930,"2nd"
"393","RGDDDD",689,2017,7,28,"late","L1",433,137,29.6,"nd",2016,"nd","nd","nd",330,"1st"
"394","RGDDDD",38,2016,5,25,"late","L1",433,87,7.9,"nd",2016,"nd","nd","nd",330,"1st"
"395","RGDDDD",554,2017,5,24,"late","L1",433,135,30.1,"nd",2016,"nd","nd","nd",330,"1st"
"396","RGDDDG",790,2017,10,10,"early ","E2",414.5,159,45.1,"1",2016,"female","nd","female",145,"1st"
"397","RGDDDG",207,2016,8,17,"early ","E2",423,96,10.4,"nd",2016,"nd","nd","nd",230,"1st"
"398","RGDDDG",439,2016,10,13,"early ","E2",422,98,10.4,"0",2016,"nd","nd","nd",220,"1st"
"399","RGDDDG",28,2016,5,24,"early ","E2",423,83,6.7,"nd",2016,"nd","nd","nd",230,"1st"
"400","RGDDDY",143,2016,8,16,"late","L1",431,95,9.9,"nd",2016,"nd","nd","nd",310,"1st"
"401","RGDDDY",36,2016,5,25,"late","L1",431,83,6.9,"nd",2016,"nd","nd","nd",310,"1st"
"402","RGDDGD",191,2016,8,17,"early ","E2",419,107,13.6,"nd",2016,"nd","nd","nd",190,"1st"
"403","RGDDGD",23,2016,5,24,"early ","E2",419,87,7.5,"nd",2016,"nd","nd","nd",190,"1st"
"404","RGDDRG",242,2016,8,17,"early ","E2",415,122,22.3,"nd",2016,"nd","nd","nd",150,"1st"
"405","RGDDRG",20,2016,5,24,"early ","E2",417,91,10.2,"nd",2016,"nd","nd","nd",170,"1st"
"406","RGDDRG",577,2017,5,25,"early ","E1",408,162,45.4,"nd",2016,"nd","nd","nd",80,"1st"
"407","RGDDYD",27,2016,5,24,"early ","E2",421,82,7.4,"nd",2016,"nd","nd","nd",210,"1st"
"408","RGDGDD",1,2016,5,24,"early ","E1",401,82,7.1,"nd",2016,"nd","nd","nd",10,"1st"
"409","RGDGDD",660,2017,7,27,"early ","E1",403,165,58,"nd",2016,"nd","nd","nd",30,"1st"
"410","RGDGDD",570,2017,5,25,"early ","E1",402,153,46.1,"nd",2016,"nd","nd","nd",20,"1st"
"411","RGDGDD",214,2016,8,17,"early ","E1",402,106,16.7,"nd",2016,"nd","nd","nd",20,"1st"
"412","RGDGDD",449,2017,3,18,"early ","E1",402,132,29.9,"nd",2016,"nd","nd","nd",20,"1st"
"413","RGDGDD",318,2016,10,11,"early ","E1",402,112,18.9,"0",2016,"nd","nd","nd",20,"1st"
"414","RGDGDD",833,2017,10,12,"early ","E1",403,173,65.4,"1",2016,"male","nd","male",30,"1st"
"415","RGDYDY",17,2016,5,24,"early ","E2",412,85,8.5,"nd",2016,"nd","nd","nd",120,"1st"
"416","RGDYGD",12,2016,5,24,"early ","E1",409,80,6.5,"nd",2016,"nd","nd","nd",90,"1st"
"417","RGDYGD",227,2016,8,17,"early ","E1",409,86,6.8,"nd",2016,"nd","nd","nd",90,"1st"
"418","RGDYRD",218,2016,8,17,"early ","E1",404,100,12.8,"nd",2016,"nd","nd","nd",40,"1st"
"419","RGDYRD",8,2016,5,24,"early ","E1",404,81,6.1,"nd",2016,"nd","nd","nd",40,"1st"
"420","RGDYRD",326,2016,10,11,"early ","E1",404,109,14.9,"0",2016,"nd","nd","nd",40,"1st"
"421","RGDYRG",3,2016,5,24,"early ","E1",404,78,6.4,"nd",2016,"nd","nd","nd",40,"2nd"
"422","RGDYRG",219,2016,8,17,"early ","E1",404,85,7.8,"nd",2016,"nd","nd","nd",40,"2nd"
"423","RGDYRY",319,2016,10,11,"early ","E1",402,103,14.3,"0",2016,"nd","nd","nd",20,"1st"
"424","RGDYRY",661,2017,7,27,"early ","E1",403,135,30,"nd",2016,"nd","nd","nd",30,"1st"
"425","RGDYRY",836,2017,10,12,"early ","E1",403,133,22.8,"1",2016,"female","nd","female",30,"1st"
"426","RGDYRY",215,2016,8,17,"early ","E1",402,102,12.7,"nd",2016,"nd","nd","nd",20,"1st"
"427","RGDYRY",6,2016,5,24,"early ","E1",404,85,6.7,"nd",2016,"nd","nd","nd",40,"1st"
"428","RGDYRY",571,2017,5,25,"early ","E1",402,149,25.5,"nd",2016,"nd","nd","nd",20,"1st"
"429","RGDYRY",448,2017,3,18,"early ","E1",402,117,20,"nd",2016,"nd","nd","nd",20,"1st"
"430","RGDYYR",341,2016,10,11,"early ","E2",412,116,19.4,"0",2016,"nd","nd","nd",120,"1st"
"431","RGDYYR",233,2016,8,17,"early ","E2",410,110,15.5,"nd",2016,"nd","nd","nd",100,"1st"
"432","RGDYYR",14,2016,5,24,"early ","E2",410,89,8.6,"nd",2016,"nd","nd","nd",100,"1st"
"433","RRY",7,2016,5,24,"early ","E1",404,68,4.5,"nd",2016,"nd","nd","nd",40,"2nd"
"434","RYDDBD",880,2017,10,13,"early ","E3",525,139,30.2,"1",2016,"male","nd","male",1250,"2nd"
"435","RYDDBP",885,2017,10,13,"early ","E3",530,102,11.2,"0",2016,"nd","nd","nd",1300,"3rd"
"436","RYDDBR",878,2017,10,13,"control","C1",469,100,11.7,"0",2016,"nd","nd","nd",690,"3rd"
"437","RYDDBY",879,2017,10,13,"early ","E3",521,156,49.8,"1",2016,"male","nd","male",1210,"1st"
"438","RYDDPD",853,2017,10,12,"early ","E2",421,114,17.5,"0",2016,"nd","nd","nd",210,"3rd"
"439","RYDDPG",847,2017,10,12,"early ","E2",416,148,44.1,"1",2016,"female","nd","female",160,"1st"
"440","RYDDPP",856,2017,10,12,"early ","E2",422.5,124,19.6,"0",2016,"nd","nd","nd",225,"2nd"
"441","RYDDPY",850,2017,10,12,"early ","E2",420,98,10.9,"0",2016,"nd","nd","nd",200,"3rd"
"442","RYDDYD",802,2017,10,11,"late","L3",480,100,12.4,"0",2016,"nd","nd","nd",800,"3rd"
"443","RYDDYG",794,2017,10,11,"late","L3",477,101,12.9,"0",2016,"nd","nd","nd",770,"3rd"
"444","RYDDYP",806,2017,10,11,"late","L3",485,143,44.6,"1",2016,"male","nd","male",850,"1st"
"445","RYDRGG",628,2017,5,26,"late","L3",487,105,12.2,"nd",2016,"nd","nd","nd",870,"3rd"
"446","RYDRGY",630,2017,5,27,"late","L2",441,122,21.7,"nd",2016,"nd","nd","nd",410,"2nd"
"447","RYDRRB",623,2017,5,26,"late","L3",480,128,31.2,"nd",2016,"nd","nd","nd",800,"1st"
"448","RYDRRD",614,2017,5,26,"control","C3",505,158,46.3,"nd",2016,"nd","nd","nd",1050,"1st"
"449","RYDRRG",593,2017,5,26,"control","C2",494,114,16.6,"nd",2016,"nd","nd","nd",940,"2nd"
"450","RYDRRR",585,2017,5,25,"early ","E1",408,136,26.1,"nd",2016,"nd","nd","nd",80,"2nd"
"451","RYDRRR",845,2017,10,12,"early ","E1",409,134,26.2,"0",2016,"nd","nd","nd",90,"2nd"
"452","RYDRRR",669,2017,7,27,"early ","E1",409,134,31.3,"nd",2016,"nd","nd","nd",90,"2nd"
"453","RYDRYD",647,2017,5,27,"control","C1",464,119,20.6,"nd",2016,"nd","nd","nd",640,"2nd"
"454","RYDRYP",651,2017,5,27,"control","C1",467,135,36.7,"nd",2016,"nd","nd","nd",670,"1st"
"455","RYDRYP",871,2017,10,13,"control","C1",468,156,51.4,"1",2016,"male","nd","male",680,"1st"
"456","RYDRYY",645,2017,5,27,"control","C1",461,116,21.9,"nd",2016,"nd","nd","nd",610,"2nd"
"457","RYDRYY",721,2017,7,29,"control","C1",466,119,23.7,"nd",2016,"nd","nd","nd",660,"2nd"
"458","RYDRYY",865,2017,10,13,"control","C1",464,120,23,"0",2016,"nd","nd","nd",640,"2nd"
"459","RYDYBP",784,2017,10,10,"late","L2",443,118,20.5,"0",2016,"nd","nd","nd",430,"2nd"
"460","RYDYBY",782,2017,10,10,"late","L1",440,114,17.7,"0",2016,"nd","nd","nd",400,"3rd"
"461","RYDYGB",751,2017,7,30,"early ","E3",529,98,11.3,"nd",2016,"nd","nd","nd",1290,"3rd"
"462","RYDYGB",883,2017,10,13,"early ","E3",529,104,11.5,"0",2016,"nd","nd","nd",1290,"3rd"
"463","RYDYPG",768,2017,7,31,"late","L3",486.5,113,17.1,"nd",2016,"nd","nd","nd",865,"2nd"
"464","RYDYPG",807,2017,10,11,"late","L3",485,126,23,"0",2016,"nd","female","female",850,"2nd"
"465","RYDYYG",882,2017,10,13,"early ","E3",528,107,13.5,"0",2016,"nd","nd","nd",1280,"3rd"
"466","RYDYYG",753,2017,7,30,"early ","E3",530,100,10.8,"nd",2016,"nd","nd","nd",1300,"3rd"
"467","RYDYYR",884,2017,10,13,"early ","E3",529,122,22.4,"1",2016,"male","nd","male",1290,"2nd"
"468","RYDYYR",752,2017,7,30,"early ","E3",529,112,18.9,"nd",2016,"nd","nd","nd",1290,"2nd"
"469","RYRBBD",267,2016,8,18,"control","C2",499,90,7.8,"nd",2016,"nd","nd","nd",990,"2nd"
"470","RYRBBD",391,2016,10,12,"control","C2",499,93,9,"0",2016,"nd","nd","nd",990,"2nd"
"471","RYRBBD",604,2017,5,26,"control","C2",499,119,20.7,"nd",2016,"nd","nd","nd",990,"2nd"
"472","RYRBBG",264,2016,8,18,"control","C2",495,80,5.8,"nd",2016,"nd","nd","nd",950,"2nd"
"473","RYRBBP",268,2016,8,18,"control","C2",499,91,8.9,"nd",2016,"nd","nd","nd",990,"2nd"
"474","RYRBBP",491,2017,3,20,"control","C2",499,111,18.8,"nd",2016,"nd","nd","nd",990,"2nd"
"475","RYRBBP",602,2017,5,26,"control","C2",499,129,25.7,"nd",2016,"nd","nd","nd",990,"2nd"
"476","RYRBBP",736,2017,7,30,"control","C2",499,131,26.7,"nd",2016,"nd","nd","nd",990,"2nd"
"477","RYRBBR",378,2016,10,12,"control","C2",494,101,10.9,"0",2016,"nd","nd","nd",940,"1st"
"478","RYRBBR",816,2017,10,11,"control","C2",494,127,21.4,"0",2016,"nd","male","male",940,"1st"
"479","RYRBBR",482,2017,3,20,"control","C2",495,108,16.1,"nd",2016,"nd","nd","nd",950,"1st"
"480","RYRBBR",263,2016,8,18,"control","C2",494,93,9.2,"nd",2016,"nd","nd","nd",940,"1st"
"481","RYRBBY",265,2016,8,18,"control","C2",496,72,5.3,"nd",2016,"nd","nd","nd",960,"2nd"
"482","RYRBBY",809,2017,10,11,"control","C2",493,126,21.7,"0",2016,"nd","female","female",930,"2nd"
"483","RYRBBY",483,2017,3,20,"control","C2",496,109,16.6,"nd",2016,"nd","nd","nd",960,"2nd"
"484","RYRBBY",388,2016,10,12,"control","C2",497,76,5.6,"0",2016,"nd","nd","nd",970,"2nd"
"485","RYRBDB",605,2017,5,26,"control","C2",499,120,19.3,"nd",2016,"nd","nd","nd",990,"2nd"
"486","RYRBDB",825,2017,10,11,"control","C2",501,123,19.4,"0",2016,"nd","nd","nd",1010,"2nd"
"487","RYRBDB",253,2016,8,18,"control","C2",499,74,4.6,"nd",2016,"nd","nd","nd",990,"2nd"
"488","RYRBDG",246,2016,8,18,"control","C2",492,87,7.4,"nd",2016,"nd","nd","nd",920,"2nd"
"489","RYRBDG",588,2017,5,26,"control","C2",493,119,20.2,"nd",2016,"nd","nd","nd",930,"2nd"
"490","RYRBDP",250,2016,8,18,"control","C2",497,83,6.5,"nd",2016,"nd","nd","nd",970,"2nd"
"491","RYRBDP",737,2017,7,30,"control","C2",499,136,28.4,"nd",2016,"nd","nd","nd",990,"2nd"
"492","RYRBDP",601,2017,5,26,"control","C2",499,129,28.2,"nd",2016,"nd","nd","nd",990,"2nd"
"493","RYRBDR",245,2016,8,18,"control","C2",492,104,11.9,"nd",2016,"nd","nd","nd",920,"1st"
"494","RYRBGB",212,2016,8,17,"early ","E2",417,85,7.7,"nd",2016,"nd","nd","nd",170,"2nd"
"495","RYRBGD",331,2016,10,11,"early ","E1",404,89,8.1,"0",2016,"nd","nd","nd",40,"1st"
"496","RYRBGD",659,2017,7,27,"early ","E1",403,151,50.2,"nd",2016,"nd","nd","nd",30,"1st"
"497","RYRBGD",217,2016,8,17,"early ","E1",402,87,6.9,"nd",2016,"nd","nd","nd",20,"1st"
"498","RYRBGD",582,2017,5,25,"early ","E1",402,132,28.6,"nd",2016,"nd","nd","nd",20,"1st"
"499","RYRBGD",835,2017,10,12,"early ","E1",403,163,51.8,"0",2016,"nd","female","female",30,"1st"
"500","RYRBGP",222,2016,8,17,"early ","E1",406,100,13.5,"nd",2016,"nd","nd","nd",60,"1st"
"501","RYRBGY",216,2016,8,17,"early ","E1",402,86,9.7,"nd",2016,"nd","nd","nd",20,"2nd"
"502","RYRBPB",262,2016,8,18,"control","C2",492,96,11.4,"nd",2016,"nd","nd","nd",920,"1st"
"503","RYRBPD",503,2017,3,20,"control","C3",509,107,14.9,"nd",2016,"nd","nd","nd",1090,"2nd"
"504","RYRBPD",747,2017,7,30,"control","C3",509,140,28.5,"nd",2016,"nd","nd","nd",1090,"2nd"
"505","RYRBPD",261,2016,8,18,"control","C3",509,87,7.5,"nd",2016,"nd","nd","nd",1090,"2nd"
"506","RYRBPD",832,2017,10,11,"control","C3",509,140,26.9,"0",2016,"nd","nd","nd",1090,"2nd"
"507","RYRBPG",256,2016,8,18,"control","C2",501,73,5,"nd",2016,"nd","nd","nd",1010,"2nd"
"508","RYRBPG",487,2017,3,20,"control","C2",499,93,10.6,"nd",2016,"nd","nd","nd",990,"2nd"
"509","RYRBPG",608,2017,5,26,"control","C2",499,119,21.7,"nd",2016,"nd","nd","nd",990,"2nd"
"510","RYRBPG",394,2016,10,12,"control","C2",499,78,5.4,"0",2016,"nd","nd","nd",990,"2nd"
"511","RYRBPG",740,2017,7,30,"control","C2",501,122,20.5,"nd",2016,"nd","nd","nd",1010,"2nd"
"512","RYRBPR",371,2016,10,12,"control","C2",493,106,15,"0",2016,"nd","nd","nd",930,"1st"
"513","RYRBPR",587,2017,5,26,"control","C2",492,128,27.6,"nd",2016,"nd","nd","nd",920,"1st"
"514","RYRBPR",254,2016,8,18,"control","C2",500,93,10.4,"nd",2016,"nd","nd","nd",1000,"1st"
"515","RYRBRD",685,2017,7,28,"early ","E2",424,130,26.2,"nd",2016,"nd","nd","nd",240,"1st"
"516","RYRBRD",460,2017,3,18,"early ","E2",424,112,15.2,"nd",2016,"nd","nd","nd",240,"1st"
"517","RYRBRD",857,2017,10,12,"early ","E2",424,132,23.3,"0",2016,"nd","nd","nd",240,"1st"
"518","RYRBRD",211,2016,8,17,"early ","E2",424,101,13.9,"nd",2016,"nd","nd","nd",240,"1st"
"519","RYRBRR",210,2016,8,17,"early ","E2",423,91,9,"nd",2016,"nd","nd","nd",230,"1st"
"520","RYRBYD",229,2016,8,17,"early ","E1",406,94,11.3,"nd",2016,"nd","nd","nd",60,"1st"
"521","RYRBYP",243,2016,8,18,"control","C2",490,81,6.3,"nd",2016,"nd","nd","nd",900,"2nd"
"522","RYRBYR",666,2017,7,27,"early ","E1",407.5,111,16.4,"nd",2016,"nd","nd","nd",75,"2nd"
"523","RYRBYR",226,2016,8,17,"early ","E1",408,88,7.9,"nd",2016,"nd","nd","nd",80,"2nd"
"524","RYRBYR",581,2017,5,25,"early ","E1",409,107,12.3,"nd",2016,"nd","nd","nd",90,"2nd"
"525","RYRBYR",841,2017,10,12,"early ","E1",407,112,14.5,"0",2016,"nd","nd","nd",70,"2nd"
"526","RYRBYY",228,2016,8,17,"early ","E1",404,101,12.2,"nd",2016,"nd","nd","nd",40,"1st"
"527","RYRDDD",364,2016,10,11,"late","L3",484,75,7.2,"0",2016,"nd","nd","nd",840,"3rd"
"528","RYRDDD",168,2016,8,16,"late","L3",482,71,4.1,"nd",2016,"nd","nd","nd",820,"3rd"
"529","RYRDGB",158,2016,8,16,"late","L3",476,78,5.2,"nd",2016,"nd","nd","nd",760,"2nd"
"530","RYRDGB",527,2017,3,29,"late","L3",475,100,11.1,"nd",2016,"nd","nd","nd",750,"2nd"
"531","RYRDGB",355,2016,10,11,"late","L3",476,82,8.2,"0",2016,"nd","nd","nd",760,"2nd"
"532","RYRDGD",150,2016,8,16,"late","L3",473,76,5.3,"nd",2016,"nd","nd","nd",730,"3rd"
"533","RYRDGP",618,2017,5,26,"late","L3",475,141,34.8,"nd",2016,"nd","nd","nd",750,"1st"
"534","RYRDGP",354,2016,10,11,"late","L3",475,96,14,"0",2016,"nd","nd","nd",750,"1st"
"535","RYRDGP",156,2016,8,16,"late","L3",475,86,8.6,"nd",2016,"nd","nd","nd",750,"1st"
"536","RYRDGP",792,2017,10,11,"late","L3",477,173,67.7,"1",2016,"female","nd","female",770,"1st"
"537","RYRDGP",757,2017,7,31,"late","L3",474,147,35.8,"nd",2016,"nd","nd","nd",740,"1st"
"538","RYRDGY",149,2016,8,16,"late","L3",473,78,5.8,"nd",2016,"nd","nd","nd",730,"2nd"
"539","RYRDPG",624,2017,5,26,"late","L3",484,162,57.1,"nd",2016,"nd","nd","nd",840,"1st"
"540","RYRDPG",767,2017,7,31,"late","L3",485,176,71.1,"nd",2016,"nd","nd","nd",850,"1st"
"541","RYRDPG",170,2016,8,16,"late","L3",483,98,11.1,"nd",2016,"nd","nd","nd",830,"1st"
"542","RYRDPG",805,2017,10,11,"late","L3",485,193,92.1,"1",2016,"male","nd","male",850,"1st"
"543","RYRDPP",365,2016,10,11,"late","L3",484,112,19.6,"0",2016,"nd","nd","nd",840,"1st"
"544","RYRDPP",171,2016,8,16,"late","L3",484,80,6.3,"nd",2016,"nd","nd","nd",840,"1st"
"545","RYRDPP",536,2017,3,29,"late","L3",484.5,131,24.7,"nd",2016,"nd","nd","nd",845,"1st"
"546","RYRDPP",803,2017,10,11,"late","L3",483,195,93.6,"1",2016,"male","nd","male",830,"1st"
"547","RYRDPR",765,2017,7,31,"late","L3",483,133,30.1,"nd",2016,"nd","nd","nd",830,"1st"
"548","RYRDPR",801,2017,10,11,"late","L3",480,153,49.4,"1",2016,"male","nd","male",800,"1st"
"549","RYRDPR",169,2016,8,16,"late","L3",483,95,10.4,"nd",2016,"nd","nd","nd",830,"1st"
"550","RYRDRB",148,2016,8,16,"late","L1",439,80,6.1,"nd",2016,"nd","nd","nd",390,"2nd"
"551","RYRDRB",468,2017,3,19,"late","L1",438,91,10.7,"nd",2016,"nd","nd","nd",380,"2nd"
"552","RYRDRD",145,2016,8,16,"late","L1",435,86,7.5,"nd",2016,"nd","nd","nd",350,"1st"
"553","RYRDRD",777,2017,10,10,"late","L1",436,155,47.7,"1",2016,"female","nd","female",360,"1st"
"554","RYRDRD",465,2017,3,19,"late","L1",435,113,17.7,"nd",2016,"nd","nd","nd",350,"1st"
"555","RYRDRD",307,2016,10,10,"late","L1",436,99,13.9,"0",2016,"nd","nd","nd",360,"1st"
"556","RYRDRP",692,2017,7,28,"late","L1",436,148,38.5,"nd",2016,"nd","nd","nd",360,"1st"
"557","RYRDRP",466,2017,3,19,"late","L1",437,121,26.2,"nd",2016,"nd","nd","nd",370,"1st"
"558","RYRDRP",562,2017,5,24,"late","L1",437,143,38.2,"nd",2016,"nd","nd","nd",370,"1st"
"559","RYRDRP",146,2016,8,16,"late","L1",435,85,7.9,"nd",2016,"nd","nd","nd",350,"1st"
"560","RYRDRR",142,2016,8,16,"late","L1",440,100,12,"nd",2016,"nd","nd","nd",400,"1st"
"561","RYRDRY",559,2017,5,24,"late","L1",436,127,22.6,"nd",2016,"nd","nd","nd",360,"2nd"
"562","RYRDRY",144,2016,8,16,"late","L1",435,79,5.9,"nd",2016,"nd","nd","nd",350,"2nd"
"563","RYRDRY",464,2017,3,19,"late","L1",435,103,12.2,"nd",2016,"nd","nd","nd",350,"2nd"
"564","RYRDRY",776,2017,10,10,"late","L1",436,143,33.7,"0",2016,"nd","nd","nd",360,"2nd"
"565","RYRDRY",690,2017,7,28,"late","L1",435,133,25.3,"nd",2016,"nd","nd","nd",350,"2nd"
"566","RYRDYD",534,2017,3,29,"late","L3",479,104,13.1,"nd",2016,"nd","nd","nd",790,"2nd"
"567","RYRDYD",165,2016,8,16,"late","L3",478,79,6,"nd",2016,"nd","nd","nd",780,"2nd"
"568","RYRDYG",164,2016,8,16,"late","L3",477,84,6.8,"nd",2016,"nd","nd","nd",770,"2nd"
"569","RYRDYR",530,2017,3,29,"late","L3",476.5,123,21.8,"nd",2016,"nd","nd","nd",765,"1st"
"570","RYRDYR",163,2016,8,16,"late","L3",477,85,7.7,"nd",2016,"nd","nd","nd",770,"1st"
"571","RYRDYR",358,2016,10,11,"late","L3",477,104,15,"0",2016,"nd","nd","nd",770,"1st"
"572","RYRPBB",209,2016,8,17,"early ","E2",423,94,10.5,"nd",2016,"nd","nd","nd",230,"1st"
"573","RYRPBB",548,2017,5,24,"early ","E2",420,146,38.1,"nd",2016,"nd","nd","nd",200,"1st"
"574","RYRPBD",205,2016,8,17,"early ","E2",421,77,5.5,"nd",2016,"nd","nd","nd",210,"2nd"
"575","RYRPBG",203,2016,8,17,"early ","E2",421,113,17.3,"nd",2016,"nd","nd","nd",210,"1st"
"576","RYRPBG",433,2016,10,13,"early ","E2",420,113,18.7,"0",2016,"nd","nd","nd",200,"1st"
"577","RYRPBR",202,2016,8,17,"early ","E2",421,105,15.7,"nd",2016,"nd","nd","nd",210,"1st"
"578","RYRPBY",680,2017,7,28,"early ","E2",421,144,40.9,"nd",2016,"nd","nd","nd",210,"1st"
"579","RYRPBY",550,2017,5,24,"early ","E2",421,130,26.3,"nd",2016,"nd","nd","nd",210,"1st"
"580","RYRPBY",204,2016,8,17,"early ","E2",421,92,9.6,"nd",2016,"nd","nd","nd",210,"1st"
"581","RYRPBY",459,2017,3,18,"early ","E2",422,108,16.7,"nd",2016,"nd","nd","nd",220,"1st"
"582","RYRPBY",437,2016,10,13,"early ","E2",421,97,10.7,"0",2016,"nd","nd","nd",210,"1st"
"583","RYRPBYY",442,2016,10,13,"early ","E2",423,98,10.3,"0",2016,"nd","nd","nd",230,"1st"
"584","RYRPBYY",683,2017,7,28,"early ","E2",423,147,41,"nd",2016,"nd","nd","nd",230,"1st"
"585","RYRPBYY",855,2017,10,12,"early ","E2",422.5,149,37.9,"1",2016,"female","nd","female",225,"1st"
"586","RYRPDD",189,2016,8,17,"early ","E2",418,95,10.7,"nd",2016,"nd","nd","nd",180,"1st"
"587","RYRPDD",348,2016,10,11,"early ","E2",414,100,11.9,"0",2016,"nd","nd","nd",140,"1st"
"588","RYRPDP",429,2016,10,13,"early ","E2",418,108,18.2,"0",2016,"nd","nd","nd",180,"1st"
"589","RYRPDP",190,2016,8,17,"early ","E2",418,106,16.6,"nd",2016,"nd","nd","nd",180,"1st"
"590","RYRPDR",187,2016,8,17,"early ","E2",416,88,11.2,"nd",2016,"nd","nd","nd",160,"2nd"
"591","RYRPDY",188,2016,8,17,"early ","E2",418,94,11.2,"nd",2016,"nd","nd","nd",180,"2nd"
"592","RYRPDY",849,2017,10,12,"early ","E2",419,130,26.2,"0",2016,"nd","nd","nd",190,"2nd"
"593","RYRPGB",569,2017,5,25,"early ","E3",529,146,34.1,"nd",2016,"nd","nd","nd",1290,"1st"
"594","RYRPGB",301,2016,10,10,"early ","E3",528,101,10.6,"0",2016,"nd","nd","nd",1280,"1st"
"595","RYRPGB",181,2016,8,17,"early ","E3",527,95,8.9,"nd",2016,"nd","nd","nd",1270,"1st"
"596","RYRPGB",754,2017,7,30,"early ","E3",534,183,70.2,"nd",2016,"nd","nd","nd",1340,"1st"
"597","RYRPGP",504,2017,3,20,"early ","E3",527,128,28.5,"nd",2016,"nd","nd","nd",1270,"1st"
"598","RYRPGP",180,2016,8,17,"early ","E3",527,104,13.1,"nd",2016,"nd","nd","nd",1270,"1st"
"599","RYRPGR",538,2017,3,29,"late","L3",489,123,24,"nd",2016,"nd","nd","nd",890,"1st"
"600","RYRPGR",176,2016,8,16,"late","L3",489,98,11.7,"nd",2016,"nd","nd","nd",890,"1st"
"601","RYRPGY",179,2016,8,17,"early ","E3",525,95,10.4,"nd",2016,"nd","nd","nd",1250,"1st"
"602","RYRPGY",567,2017,5,25,"early ","E3",529,135,35.7,"nd",2016,"nd","nd","nd",1290,"1st"
"603","RYRPPB",201,2016,8,17,"early ","E2",421,76,5.9,"nd",2016,"nd","nd","nd",210,"2nd"
"604","RYRPPB",674,2017,7,28,"early ","E2",415,148,40.7,"nd",2016,"nd","nd","nd",150,"2nd"
"605","RYRPPB",541,2017,5,24,"early ","E2",415,133,23.9,"nd",2016,"nd","nd","nd",150,"2nd"
"606","RYRPPD",199,2016,8,17,"early ","E2",420,89,10.9,"nd",2016,"nd","nd","nd",200,"2nd"
"607","RYRPPG",197,2016,8,17,"early ","E2",420,91,9.9,"nd",2016,"nd","nd","nd",200,"1st"
"608","RYRPPP",200,2016,8,17,"early ","E2",421,98,12,"nd",2016,"nd","nd","nd",210,"1st"
"609","RYRPPP",435,2016,10,13,"early ","E2",421,104,15.5,"0",2016,"nd","nd","nd",210,"1st"
"610","RYRPPR",196,2016,8,17,"early ","E2",420,100,11.4,"nd",2016,"nd","nd","nd",200,"1st"
"611","RYRPRD",174,2016,8,16,"late","L3",488,94,10.4,"nd",2016,"nd","nd","nd",880,"1st"
"612","RYRPRD",369,2016,10,11,"late","L3",489,106,15.3,"0",2016,"nd","nd","nd",890,"1st"
"613","RYRPRG",535,2017,3,29,"late","L3",483,119,16,"nd",2016,"nd","nd","nd",830,"2nd"
"614","RYRPRG",625,2017,5,26,"late","L3",484,133,27.5,"nd",2016,"nd","nd","nd",840,"2nd"
"615","RYRPRG",173,2016,8,16,"late","L3",486,75,5,"nd",2016,"nd","nd","nd",860,"2nd"
"616","RYRPRG",363,2016,10,11,"late","L3",483,83,7.5,"0",2016,"nd","nd","nd",830,"2nd"
"617","RYRPRG",766,2017,7,31,"late","L3",484,139,29.6,"nd",2016,"nd","nd","nd",840,"2nd"
"618","RYRPRR",626,2017,5,26,"late","L3",485,130,25.9,"nd",2016,"nd","nd","nd",850,"1st"
"619","RYRPRR",366,2016,10,11,"late","L3",487,97,13.1,"0",2016,"nd","nd","nd",870,"1st"
"620","RYRPRR",172,2016,8,16,"late","L3",486,93,10,"nd",2016,"nd","nd","nd",860,"1st"
"621","RYRPRR",769,2017,7,31,"late","L3",486.5,138,29.1,"nd",2016,"nd","nd","nd",865,"1st"
"622","RYRPYB",185,2016,8,17,"early ","E3",534,101,12,"nd",2016,"nd","nd","nd",1340,"1st"
"623","RYRPYB",506,2017,3,20,"early ","E3",534,136,33,"nd",2016,"nd","nd","nd",1340,"1st"
"624","RYRPYR",182,2016,8,17,"early ","E3",527,82,5.9,"nd",2016,"nd","nd","nd",1270,"2nd"
"625","RYRPYR",755,2017,7,30,"early ","E3",535,147,40.7,"nd",2016,"nd","nd","nd",1350,"2nd"
"626","RYRPYR",568,2017,5,25,"early ","E3",529,128,24.7,"nd",2016,"nd","nd","nd",1290,"2nd"
"627","RYRPYR",505,2017,3,20,"early ","E3",527,101,13.2,"nd",2016,"nd","nd","nd",1270,"2nd"
"628","RYRYBD",310,2016,10,10,"late","L1",437,78,5.5,"0",2016,"nd","nd","nd",370,"3rd"
"629","RYRYBD",141,2016,8,16,"late","L1",438,68,3.7,"nd",2016,"nd","nd","nd",380,"3rd"
"630","RYRYBG",695,2017,7,28,"late","L1",437,117,17.7,"nd",2016,"nd","nd","nd",370,"2nd"
"631","RYRYBG",775,2017,10,10,"late","L1",435,129,26.2,"0",2016,"nd","nd","nd",350,"2nd"
"632","RYRYBG",139,2016,8,16,"late","L1",437,80,6.3,"nd",2016,"nd","nd","nd",370,"2nd"
"633","RYRYBG",561,2017,5,24,"late","L1",436,115,18.4,"nd",2016,"nd","nd","nd",360,"2nd"
"634","RYRYBR",699,2017,7,28,"late","L1",440,93,8.8,"nd",2016,"nd","nd","nd",400,"3rd"
"635","RYRYBR",138,2016,8,16,"late","L1",436,69,3.7,"nd",2016,"nd","nd","nd",360,"3rd"
"636","RYRYBY",140,2016,8,16,"late","L1",437,97,10,"nd",2016,"nd","nd","nd",370,"1st"
"637","RYRYDD",773,2017,10,10,"late","L1",432,133,31.7,"0",2016,"nd","female","female",320,"2nd"
"638","RYRYDD",134,2016,8,16,"late","L1",432,75,5.6,"nd",2016,"nd","nd","nd",320,"2nd"
"639","RYRYDD",303,2016,10,10,"late","L1",432,84,7.5,"0",2016,"nd","nd","nd",320,"2nd"
"640","RYRYDD",553,2017,5,24,"late","L1",432,116,18.3,"nd",2016,"nd","nd","nd",320,"2nd"
"641","RYRYDR",129,2016,8,15,"late","L2",450,78,5.1,"nd",2016,"nd","nd","nd",500,"2nd"
"642","RYRYDY",132,2016,8,15,"late","L2",447,85,7.5,"nd",2016,"nd","nd","nd",470,"2nd"
"643","RYRYGR",874,2017,10,13,"control","C1",469,118,16.4,"0",2016,"nd","nd","nd",690,"2nd"
"644","RYRYGR",62,2016,5,27,"control","C1",467,84,6.8,"nd",2016,"nd","nd","nd",670,"2nd"
"645","RYRYGR",655,2017,5,27,"control","C1",469,113,19.3,"nd",2016,"nd","nd","nd",690,"2nd"
"646","RYRYPG",552,2017,5,24,"late","L1",432,117,20.4,"nd",2016,"nd","nd","nd",320,"2nd"
"647","RYRYPG",136,2016,8,16,"late","L1",434,80,6.2,"nd",2016,"nd","nd","nd",340,"2nd"
"648","RYRYPP",137,2016,8,16,"late","L1",435,75,4.8,"nd",2016,"nd","nd","nd",350,"2nd"
"649","RYRYPP",779,2017,10,10,"late","L1",437,134,27.8,"0",2016,"nd","male","male",370,"2nd"
"650","RYRYPP",556,2017,5,24,"late","L1",435,122,21.2,"nd",2016,"nd","nd","nd",350,"2nd"
"651","RYRYPP",306,2016,10,10,"late","L1",435,91,9.2,"0",2016,"nd","nd","nd",350,"2nd"
"652","RYRYPR",135,2016,8,16,"late","L1",434,80,6.8,"nd",2016,"nd","nd","nd",340,"2nd"
"653","RYRYPR",697,2017,7,28,"late","L1",439,121,19.7,"nd",2016,"nd","nd","nd",390,"2nd"
"654","RYRYPR",305,2016,10,10,"late","L1",435,87,8.3,"0",2016,"nd","nd","nd",350,"2nd"
"655","RYRYPR",467,2017,3,19,"late","L1",438,102,12.1,"nd",2016,"nd","nd","nd",380,"2nd"
"656","RYRYPR",564,2017,5,24,"late","L1",438,121,20.9,"nd",2016,"nd","nd","nd",380,"2nd"
"657","RYRYPR",780,2017,10,10,"late","L1",438,122,22.7,"0",2016,"nd","female","female",380,"2nd"
"658","RYRYYD",127,2016,8,15,"late","L2",444,75,6.2,"nd",2016,"nd","nd","nd",440,"2nd"
"659","RYRYYD",785,2017,10,10,"late","L2",444,129,30.4,"0",2016,"nd","female","female",440,"2nd"
"660","RYRYYD",474,2017,3,19,"late","L2",445,94,11.1,"nd",2016,"nd","nd","nd",450,"2nd"
"661","RYRYYD",631,2017,5,27,"late","L2",444,111,18,"nd",2016,"nd","nd","nd",440,"2nd"
"662","RYRYYD",702,2017,7,29,"late","L2",446,116,19.1,"nd",2016,"nd","nd","nd",460,"2nd"
"663","RYRYYG",694,2017,7,28,"late","L1",436,128,21.9,"nd",2016,"nd","nd","nd",360,"1st"
"664","RYRYYG",123,2016,8,15,"late","L2",441,99,11.3,"nd",2016,"nd","nd","nd",410,"1st"
"665","RYRYYG",558,2017,5,24,"late","L1",436,134,22.5,"nd",2016,"nd","nd","nd",360,"1st"
"666","RYRYYP",128,2016,8,15,"late","L2",447,83,8.5,"nd",2016,"nd","nd","nd",470,"2nd"
"667","RYRYYP",635,2017,5,27,"late","L2",447,123,23.5,"nd",2016,"nd","nd","nd",470,"2nd"
"668","RYRYYP",475,2017,3,19,"late","L2",447,105,14.3,"nd",2016,"nd","nd","nd",470,"2nd"
"669","RYRYYP",704,2017,7,29,"late","L2",447.5,122,23.6,"nd",2016,"nd","nd","nd",475,"2nd"
"670","RYRYYY",124,2016,8,15,"late","L2",441,88,8.5,"nd",2016,"nd","nd","nd",410,"2nd"
"671","RYRYYY",781,2017,10,10,"late","L1",440,131,25.2,"0",2016,"nd","nd","nd",400,"2nd"
"672","RYYBBP",656,2017,7,27,"early ","E1",402,142,30.4,"nd",2016,"nd","nd","nd",20,"1st"
"673","RYYBBP",837,2017,10,12,"early ","E1",403,146,29.8,"0",2016,"nd","nd","nd",30,"1st"
"674","RYYBBP",583,2017,5,25,"early ","E1",402,135,24.7,"nd",2016,"nd","nd","nd",20,"1st"
"675","RYYBBR",576,2017,5,25,"early ","E1",405.5,130,22.4,"nd",2016,"nd","nd","nd",55,"1st"
"676","RYYBDD",778,2017,10,10,"late","L1",437,137,30.7,"0",2016,"nd","nd","nd",370,"2nd"
"677","RYYBDD",563,2017,5,24,"late","L1",438,118,22.6,"nd",2016,"nd","nd","nd",380,"2nd"
"678","RYYBDR",678,2017,7,28,"early ","E2",420,143,35.5,"nd",2016,"nd","nd","nd",200,"1st"
"679","RYYBDR",547,2017,5,24,"early ","E2",419,140,27.9,"nd",2016,"nd","nd","nd",190,"1st"
"680","RYYBGB",539,2017,5,24,"early ","E2",410,142,33.5,"nd",2016,"nd","nd","nd",100,"1st"
"681","RYYDBB",444,2016,10,13,"early ","E2",423,88,8.2,"0",2016,"nd","nd","nd",230,"2nd"
"682","RYYDBB",684,2017,7,28,"early ","E2",423,123,26.3,"nd",2016,"nd","nd","nd",230,"2nd"
"683","RYYDBD",441,2016,10,13,"early ","E2",422,82,6.9,"0",2016,"nd","nd","nd",220,"2nd"
"684","RYYDBD",458,2017,3,18,"early ","E2",422,90,10.2,"nd",2016,"nd","nd","nd",220,"2nd"
"685","RYYDBG",436,2016,10,13,"early ","E2",421,90,9,"0",2016,"nd","nd","nd",210,"2nd"
"686","RYYDBG",457,2017,3,18,"early ","E2",421,99,10.8,"nd",2016,"nd","nd","nd",210,"2nd"
"687","RYYDBP",453,2017,3,18,"early ","E2",419,114,19,"nd",2016,"nd","nd","nd",190,"1st"
"688","RYYDBP",542,2017,5,24,"early ","E2",418,126,25.2,"nd",2016,"nd","nd","nd",180,"1st"
"689","RYYDBP",443,2016,10,13,"early ","E2",423,94,9.1,"0",2016,"nd","nd","nd",230,"1st"
"690","RYYDBR",546,2017,5,24,"early ","E2",419,118,17.1,"nd",2016,"nd","nd","nd",190,"2nd"
"691","RYYDBR",434,2016,10,13,"early ","E2",420,82,6.7,"0",2016,"nd","nd","nd",200,"2nd"
"692","RYYDBR",455,2017,3,18,"early ","E2",420,93,9.3,"nd",2016,"nd","nd","nd",200,"2nd"
"693","RYYDBR",676,2017,7,28,"early ","E2",419,143,35.4,"nd",2016,"nd","nd","nd",190,"2nd"
"694","RYYDBY",462,2017,3,18,"early ","E2",424,102,12.3,"nd",2016,"nd","nd","nd",240,"1st"
"695","RYYDBY",438,2016,10,13,"early ","E2",422,97,10.9,"0",2016,"nd","nd","nd",220,"1st"
"696","RYYDBY",681,2017,7,28,"early ","E2",423,153,49.5,"nd",2016,"nd","nd","nd",230,"1st"
"697","RYYDBY",854,2017,10,12,"early ","E2",422.5,151,38.2,"1",2016,"female","nd","female",225,"1st"
"698","RYYDDG",861,2017,10,13,"control","C1",461,105,12.2,"0",2016,"nd","nd","nd",610,"3rd"
"699","RYYDDG",418,2016,10,12,"control","C1",460,88,5.5,"0",2016,"nd","nd","nd",600,"3rd"
"700","RYYDDG",642,2017,5,27,"control","C1",461,102,12.9,"nd",2016,"nd","nd","nd",610,"3rd"
"701","RYYDDP",518,2017,3,28,"control","C1",466,72,4.3,"nd",2016,"nd","nd","nd",660,"3rd"
"702","RYYDDP",422,2016,10,12,"control","C1",465,69,4,"0",2016,"nd","nd","nd",650,"3rd"
"703","RYYDDP",876,2017,10,13,"control","C1",469,125,17.2,"0",2016,"nd","nd","nd",690,"3rd"
"704","RYYDGD",402,2016,10,12,"control","C3",503,94,8.8,"0",2016,"nd","nd","nd",1030,"1st"
"705","RYYDGR",826,2017,10,11,"control","C2",501,121,19.7,"0",2016,"nd","nd","nd",1010,"2nd"
"706","RYYDGR",488,2017,3,20,"control","C2",499,95,10.4,"nd",2016,"nd","nd","nd",990,"2nd"
"707","RYYDGR",393,2016,10,12,"control","C2",499,89,8.6,"0",2016,"nd","nd","nd",990,"2nd"
"708","RYYDGR",606,2017,5,26,"control","C2",499,111,17.1,"nd",2016,"nd","nd","nd",990,"2nd"
"709","RYYDPG",869,2017,10,13,"control","C1",466,106,13.2,"0",2016,"nd","nd","nd",660,"3rd"
"710","RYYDPG",427,2016,10,12,"control","C1",466,81,6.7,"0",2016,"nd","nd","nd",660,"3rd"
"711","RYYDPP",430,2016,10,13,"early ","E2",418,87,7.9,"0",2016,"nd","nd","nd",180,"2nd"
"712","RYYDPP",675,2017,7,28,"early ","E2",415,133,25.2,"nd",2016,"nd","nd","nd",150,"2nd"
"713","RYYDPR",650,2017,5,27,"control","C1",466,109,17,"nd",2016,"nd","nd","nd",660,"2nd"
"714","RYYDPR",520,2017,3,28,"control","C1",466,93,11.8,"nd",2016,"nd","nd","nd",660,"2nd"
"715","RYYDPR",423,2016,10,12,"control","C1",466,91,9.3,"0",2016,"nd","nd","nd",660,"2nd"
"716","RYYDRD",386,2016,10,12,"control","C2",497,82,7.2,"0",2016,"nd","nd","nd",970,"2nd"
"717","RYYDRD",733,2017,7,30,"control","C2",497.5,125,24,"nd",2016,"nd","nd","nd",975,"2nd"
"718","RYYDRG",382,2016,10,12,"control","C2",495,86,7.8,"0",2016,"nd","nd","nd",950,"2nd"
"719","RYYDRP",387,2016,10,12,"control","C2",497,103,12.2,"0",2016,"nd","nd","nd",970,"1st"
"720","RYYDRP",734,2017,7,30,"control","C2",497.5,137,27.7,"nd",2016,"nd","nd","nd",975,"1st"
"721","RYYDRP",820,2017,10,11,"control","C2",498,153,45.6,"1",2016,"female","nd","female",980,"1st"
"722","RYYDRP",486,2017,3,20,"control","C2",498,116,18.4,"nd",2016,"nd","nd","nd",980,"1st"
"723","RYYDRP",600,2017,5,26,"control","C2",498,136,30,"nd",2016,"nd","nd","nd",980,"1st"
"724","RYYDRR",381,2016,10,12,"control","C2",495,97,10,"0",2016,"nd","nd","nd",950,"1st"
"725","RYYDRY",739,2017,7,30,"control","C2",501,132,23.5,"nd",2016,"nd","nd","nd",1010,"2nd"
"726","RYYDRY",385,2016,10,12,"control","C2",497,95,10.4,"0",2016,"nd","nd","nd",970,"2nd"
"727","RYYDRY",492,2017,3,20,"control","C2",499,103,13.7,"nd",2016,"nd","nd","nd",990,"2nd"
"728","RYYDRY",607,2017,5,26,"control","C2",499,128,25.2,"nd",2016,"nd","nd","nd",990,"2nd"
"729","RYYDYB",858,2017,10,13,"control","C1",459,131,26.1,"1",2016,"female","nd","female",590,"2nd"
"730","RYYDYB",414,2016,10,12,"control","C1",459,76,5.2,"0",2016,"nd","nd","nd",590,"2nd"
"731","RYYDYB",644,2017,5,27,"control","C1",461,116,17.7,"nd",2016,"nd","nd","nd",610,"2nd"
"732","RYYDYB",712,2017,7,29,"control","C1",459,126,22.9,"nd",2016,"nd","nd","nd",590,"2nd"
"733","RYYDYG",616,2017,5,26,"control","C3",509,129,26.7,"nd",2016,"nd","nd","nd",1090,"1st"
"734","RYYDYG",409,2016,10,12,"control","C3",509,98,11.1,"0",2016,"nd","nd","nd",1090,"1st"
"735","RYYDYG",748,2017,7,30,"control","C3",509,131,26.5,"nd",2016,"nd","nd","nd",1090,"1st"
"736","RYYDYP",413,2016,10,12,"control","C1",458,69,3.8,"0",2016,"nd","nd","nd",580,"3rd"
"737","RYYDYP",512,2017,3,28,"control","C1",459,77,5.4,"nd",2016,"nd","nd","nd",590,"3rd"
"738","RYYDYY",410,2016,10,12,"control","C3",509,79,7.3,"0",2016,"nd","nd","nd",1090,"2nd"
"739","RYYGBB",320,2016,10,11,"early ","E1",402,80,6.4,"0",2016,"nd","nd","nd",20,"2nd"
"740","RYYGDP",698,2017,7,28,"late","L1",440,112,15.7,"nd",2016,"nd","nd","nd",400,"2nd"
"741","RYYGDP",311,2016,10,10,"late","L1",439,84,9,"0",2016,"nd","nd","nd",390,"2nd"
"742","RYYGDP",783,2017,10,10,"late","L1",440,123,21.4,"0",2016,"nd","nd","nd",400,"2nd"
"743","RYYGDY",691,2017,7,28,"late","L1",435,118,18.7,"nd",2016,"nd","nd","nd",350,"2nd"
"744","RYYGDY",774,2017,10,10,"late","L1",435,139,34.3,"0",2016,"nd","nd","nd",350,"2nd"
"745","RYYGDY",304,2016,10,10,"late","L1",433,81,6.6,"0",2016,"nd","nd","nd",330,"2nd"
"746","RYYGDY",557,2017,5,24,"late","L1",435,118,19.5,"nd",2016,"nd","nd","nd",350,"2nd"
"747","RYYGGB",296,2016,8,18,"control","C1",463,88,8.1,"nd",2016,"nd","nd","nd",630,"2nd"
"748","RYYGGB",862,2017,10,13,"control","C1",461,121,20.1,"0",2016,"nd","nd","nd",610,"2nd"
"749","RYYGGB",714,2017,7,29,"control","C1",461,120,19.4,"nd",2016,"nd","nd","nd",610,"2nd"
"750","RYYGGY",416,2016,10,12,"control","C1",460,84,6.7,"0",2016,"nd","nd","nd",600,"2nd"
"751","RYYGGY",294,2016,8,18,"control","C1",460,80,6,"nd",2016,"nd","nd","nd",600,"2nd"
"752","RYYGPD",636,2017,5,27,"late","L2",449,125,25,"nd",2016,"nd","nd","nd",490,"1st"
"753","RYYGPD",787,2017,10,10,"late","L2",446,157,45.8,"1",2016,"female","nd","female",460,"1st"
"754","RYYGPD",705,2017,7,29,"late","L2",449,132,26.1,"nd",2016,"nd","nd","nd",490,"1st"
"755","RYYGPD",315,2016,10,10,"late","L2",448,97,11.1,"0",2016,"nd","nd","nd",480,"1st"
"756","RYYGPG",313,2016,10,10,"late","L2",445,79,5.8,"0",2016,"nd","nd","nd",450,"2nd"
"757","RYYGPR",312,2016,10,10,"late","L2",444,86,7.7,"0",2016,"nd","nd","nd",440,"2nd"
"758","RYYGPY",786,2017,10,10,"late","L2",445,132,30.5,"0",2016,"nd","nd","nd",450,"2nd"
"759","RYYGPY",701,2017,7,29,"late","L2",444,115,17.5,"nd",2016,"nd","nd","nd",440,"2nd"
"760","RYYGPY",632,2017,5,27,"late","L2",445,111,15.2,"nd",2016,"nd","nd","nd",450,"2nd"
"761","RYYGPY",314,2016,10,10,"late","L2",447,83,6.7,"0",2016,"nd","nd","nd",470,"2nd"
"762","RYYGRB",877,2017,10,13,"control","C1",469,115,16,"0",2016,"nd","nd","nd",690,"3rd"
"763","RYYGRB",291,2016,8,18,"control","C1",467,77,5.7,"nd",2016,"nd","nd","nd",670,"3rd"
"764","RYYGRD",289,2016,8,18,"control","C1",466,88,8.7,"nd",2016,"nd","nd","nd",660,"2nd"
"765","RYYGRD",424,2016,10,12,"control","C1",466,95,10.6,"0",2016,"nd","nd","nd",660,"2nd"
"766","RYYGRD",521,2017,3,28,"control","C1",466,101,14.6,"nd",2016,"nd","nd","nd",660,"2nd"
"767","RYYGRG",287,2016,8,18,"control","C1",464,78,5.6,"nd",2016,"nd","nd","nd",640,"3rd"
"768","RYYGRG",720,2017,7,29,"control","C1",466,104,14,"nd",2016,"nd","nd","nd",660,"3rd"
"769","RYYGRG",420,2016,10,12,"control","C1",465,82,6.6,"0",2016,"nd","nd","nd",650,"3rd"
"770","RYYGRP",425,2016,10,12,"control","C1",466,104,14.2,"0",2016,"nd","nd","nd",660,"1st"
"771","RYYGRP",649,2017,5,27,"control","C1",466,139,21.3,"nd",2016,"nd","nd","nd",660,"1st"
"772","RYYGRP",290,2016,8,18,"control","C1",466,91,10.5,"nd",2016,"nd","nd","nd",660,"1st"
"773","RYYGRR",866,2017,10,13,"control","C1",464,133,24.5,"0",2016,"nd","nd","nd",640,"2nd"
"774","RYYGRR",286,2016,8,18,"control","C1",464,91,9.3,"nd",2016,"nd","nd","nd",640,"2nd"
"775","RYYGRR",517,2017,3,28,"control","C1",465,110,15.4,"nd",2016,"nd","nd","nd",650,"2nd"
"776","RYYGRR",648,2017,5,27,"control","C1",464,131,26.3,"nd",2016,"nd","nd","nd",640,"2nd"
"777","RYYGRR",717,2017,7,29,"control","C1",465,133,24.7,"nd",2016,"nd","nd","nd",650,"2nd"
"778","RYYGRY",421,2016,10,12,"control","C1",465,81,5.9,"0",2016,"nd","nd","nd",650,"3rd"
"779","RYYGRY",867,2017,10,13,"control","C1",464,103,11.8,"0",2016,"nd","female","female",640,"3rd"
"780","RYYGRY",288,2016,8,18,"control","C1",464,77,5.3,"nd",2016,"nd","nd","nd",640,"3rd"
"781","RYYGRY",718,2017,7,29,"control","C1",465,105,13.1,"nd",2016,"nd","nd","nd",650,"3rd"
"782","RYYGRY",516,2017,3,28,"control","C1",465,84,6.2,"nd",2016,"nd","nd","nd",650,"3rd"
"783","RYYGYR",514,2017,3,28,"control","C1",461,86,9.1,"nd",2016,"nd","nd","nd",610,"3rd"
"784","RYYGYR",419,2016,10,12,"control","C1",461,78,5.5,"0",2016,"nd","nd","nd",610,"3rd"
"785","RYYGYR",713,2017,7,29,"control","C1",461,107,17.3,"nd",2016,"nd","nd","nd",610,"3rd"
"786","RYYGYR",297,2016,8,18,"control","C1",463,73,4.2,"nd",2016,"nd","nd","nd",630,"3rd"
"787","RYYGYR",643,2017,5,27,"control","C1",461,100,15.6,"nd",2016,"nd","nd","nd",610,"3rd"
"788","RYYPRR",461,2017,3,18,"early ","E2",424,80,6.1,"nd",2016,"nd","nd","nd",240,"3rd"
"789","RYYPRR",682,2017,7,28,"early ","E2",423,117,21.6,"nd",2016,"nd","nd","nd",230,"3rd"
"790","RYYPRR",447,2016,10,13,"early ","E2",424,75,5.1,"0",2016,"nd","nd","nd",240,"3rd"
"791","RYYPYB",498,2017,3,20,"control","C3",503,120,21.7,"nd",2016,"nd","nd","nd",1030,"1st"
"792","RYYPYB",743,2017,7,30,"control","C3",503,147,37.3,"nd",2016,"nd","nd","nd",1030,"1st"
"793","RYYPYB",827,2017,10,11,"control","C3",502,152,43,"1",2016,"male","nd","male",1020,"1st"
"794","RYYPYY",490,2017,3,20,"control","C2",499,126,26.1,"nd",2016,"nd","nd","nd",990,"1st"
"795","RYYRBB",285,2016,8,18,"control","C1",462,87,8.4,"nd",2016,"nd","nd","nd",620,"2nd"
"796","RYYRBB",646,2017,5,27,"control","C1",463,125,22,"nd",2016,"nd","nd","nd",630,"2nd"
"797","RYYRBB",863,2017,10,13,"control","C1",462,135,27.2,"0",2016,"nd","nd","nd",620,"2nd"
"798","RYYRBB",515,2017,3,28,"control","C1",462,104,11.7,"nd",2016,"nd","nd","nd",620,"2nd"
"799","RYYRBB",715,2017,7,29,"control","C1",463,130,24.8,"nd",2016,"nd","nd","nd",630,"2nd"
"800","RYYRBD",412,2016,10,12,"control","C1",457,103,12.5,"0",2016,"nd","nd","nd",570,"1st"
"801","RYYRBD",282,2016,8,18,"control","C1",458,94,10.4,"nd",2016,"nd","nd","nd",580,"1st"
"802","RYYRBG",278,2016,8,18,"control","C1",456,98,12.2,"nd",2016,"nd","nd","nd",560,"1st"
"803","RYYRBR",277,2016,8,18,"control","C1",456,80,7.1,"nd",2016,"nd","nd","nd",560,"1st"
"804","RYYRBR",708,2017,7,29,"control","C1",458,150,39.4,"nd",2016,"nd","nd","nd",580,"1st"
"805","RYYRBR",507,2017,3,28,"control","C1",457,123,22.9,"nd",2016,"nd","nd","nd",570,"1st"
"806","RYYRBY",710,2017,7,29,"control","C1",459,148,37.1,"nd",2016,"nd","nd","nd",590,"1st"
"807","RYYRBY",281,2016,8,18,"control","C1",458,85,7.3,"nd",2016,"nd","nd","nd",580,"1st"
"808","RYYRDB",741,2017,7,30,"control","C2",501,112,15.2,"nd",2016,"nd","nd","nd",1010,"2nd"
"809","RYYRDB",271,2016,8,18,"control","C2",500,82,6.4,"nd",2016,"nd","nd","nd",1000,"2nd"
"810","RYYRDB",399,2016,10,12,"control","C2",500,88,7.7,"0",2016,"nd","nd","nd",1000,"2nd"
"811","RYYRDB",495,2017,3,20,"control","C2",501,98,12.2,"nd",2016,"nd","nd","nd",1010,"2nd"
"812","RYYRDB",613,2017,5,26,"control","C2",501,111,11.1,"nd",2016,"nd","nd","nd",1010,"2nd"
"813","RYYRDG",672,2017,7,28,"early ","E2",415,158,51.5,"nd",2016,"nd","nd","nd",150,"1st"
"814","RYYRDG",241,2016,8,17,"early ","E2",415,83,10.6,"nd",2016,"nd","nd","nd",150,"1st"
"815","RYYRDG",473,2017,3,19,"early ","E2",415,115,17.4,"nd",2016,"nd","nd","nd",150,"1st"
"816","RYYRDG",789,2017,10,10,"early ","E2",414.5,159,45.2,"1",2016,"female","nd","female",145,"1st"
"817","RYYRDP",248,2016,8,18,"control","C2",493,81,6.1,"nd",2016,"nd","nd","nd",930,"2nd"
"818","RYYRDP",380,2016,10,12,"control","C2",494,84,6.5,"0",2016,"nd","nd","nd",940,"2nd"
"819","RYYRGG",235,2016,8,17,"early ","E2",411,82,7.5,"nd",2016,"nd","nd","nd",110,"2nd"
"820","RYYRGP",575,2017,5,25,"early ","E1",405.5,133,27.2,"nd",2016,"nd","nd","nd",55,"1st"
"821","RYYRGP",237,2016,8,17,"early ","E2",412,93,9.8,"nd",2016,"nd","nd","nd",120,"1st"
"822","RYYRGP",322,2016,10,11,"early ","E1",404,97,10.8,"0",2016,"nd","nd","nd",40,"1st"
"823","RYYRGY",236,2016,8,17,"early ","E2",411,96,13.8,"nd",2016,"nd","nd","nd",110,"1st"
"824","RYYRGY",335,2016,10,11,"early ","E1",407,100,14,"0",2016,"nd","nd","nd",70,"1st"
"825","RYYRPB",276,2016,8,18,"control","C3",509,104,13,"nd",2016,"nd","nd","nd",1090,"1st"
"826","RYYRPR",273,2016,8,18,"control","C3",502,95,11.2,"nd",2016,"nd","nd","nd",1020,"1st"
"827","RYYRPY",408,2016,10,12,"control","C3",509,103,12.5,"0",2016,"nd","nd","nd",1090,"1st"
"828","RYYRPY",831,2017,10,11,"control","C3",508,154,43.8,"1",2016,"female","nd","female",1080,"1st"
"829","RYYRPY",275,2016,8,18,"control","C3",507,91,10.1,"nd",2016,"nd","nd","nd",1070,"1st"
"830","RYYRPY",746,2017,7,30,"control","C3",507,151,39.1,"nd",2016,"nd","nd","nd",1070,"1st"
"831","RYYRRD",234,2016,8,17,"early ","E2",410,97,11.8,"nd",2016,"nd","nd","nd",100,"1st"
"832","RYYRRG",231,2016,8,17,"early ","E1",408,93,9.7,"nd",2016,"nd","nd","nd",80,"1st"
"833","RYYRRG",336,2016,10,11,"early ","E1",407,98,11.1,"0",2016,"nd","nd","nd",70,"1st"
"834","RYYRYD",240,2016,8,17,"early ","E2",414,87,8.4,"nd",2016,"nd","nd","nd",140,"1st"
"835","RYYRYD",346,2016,10,11,"early ","E2",413,102,13.6,"0",2016,"nd","nd","nd",130,"1st"
"836","RYYRYR",469,2017,3,19,"early ","E2",410,106,13.5,"nd",2016,"nd","nd","nd",100,"2nd"
"837","RYYRYR",238,2016,8,17,"early ","E2",410,79,6.2,"nd",2016,"nd","nd","nd",100,"2nd"
"838","RYYRYR",671,2017,7,28,"early ","E2",411.5,144,38.9,"nd",2016,"nd","nd","nd",115,"2nd"
"839","RYYRYR",340,2016,10,11,"early ","E2",410,88,8.4,"0",2016,"nd","nd","nd",100,"2nd"
"840","RYYRYY",343,2016,10,11,"early ","E2",412,80,6.1,"0",2016,"nd","nd","nd",120,"2nd"
"841","RYYRYY",239,2016,8,17,"early ","E2",414,82,4.3,"nd",2016,"nd","nd","nd",140,"2nd"
"842","RYYYBG",370,2016,10,12,"control","C2",492,78,5.4,"0",2016,"nd","nd","nd",920,"2nd"
"843","RYYYBP",731,2017,7,30,"control","C2",494,149,39.1,"nd",2016,"nd","nd","nd",940,"1st"
"844","RYYYBP",814,2017,10,11,"control","C2",494,150,38.9,"1",2016,"male","nd","male",940,"1st"
"845","RYYYBP",376,2016,10,12,"control","C2",494,120,23.7,"1",2016,"male","nd","male",940,"1st"
"846","RYYYBP",594,2017,5,26,"control","C2",494,148,39.1,"nd",2016,"nd","nd","nd",940,"1st"
"847","RYYYBR",367,2016,10,11,"late","L3",488,83,8.6,"0",2016,"nd","nd","nd",880,"3rd"
"848","RYYYBR",620,2017,5,26,"late","L3",477,100,12.6,"nd",2016,"nd","nd","nd",770,"3rd"
"849","RYYYBY",591,2017,5,26,"control","C2",493,118,19.9,"nd",2016,"nd","nd","nd",930,"2nd"
"850","RYYYBY",729,2017,7,30,"control","C2",494,127,23.4,"nd",2016,"nd","nd","nd",940,"2nd"
"851","RYYYBY",813,2017,10,11,"control","C2",494,128,22.5,"0",2016,"nd","nd","nd",940,"2nd"
"852","RYYYBY",372,2016,10,12,"control","C2",493,89,8.2,"0",2016,"nd","nd","nd",930,"2nd"
"853","RYYYBY",479,2017,3,20,"control","C2",494,99,12.6,"nd",2016,"nd","nd","nd",940,"2nd"
"854","RYYYDD",359,2016,10,11,"late","L3",477,103,17.7,"0",2016,"nd","nd","nd",770,"1st"
"855","RYYYDG",759,2017,7,31,"late","L3",476.5,133,26.5,"nd",2016,"nd","nd","nd",765,"2nd"
"856","RYYYDG",356,2016,10,11,"late","L3",476,81,7.4,"0",2016,"nd","nd","nd",760,"2nd"
"857","RYYYDP",799,2017,10,11,"late","L3",480,123,25.2,"0",2016,"nd","male","male",800,"3rd"
"858","RYYYDP",361,2016,10,11,"late","L3",477,69,4.9,"0",2016,"nd","nd","nd",770,"3rd"
"859","RYYYDP",533,2017,3,29,"late","L3",476.5,77,5.2,"nd",2016,"nd","nd","nd",765,"3rd"
"860","RYYYDR",532,2017,3,29,"late","L3",476.5,86,8.8,"nd",2016,"nd","nd","nd",765,"3rd"
"861","RYYYDR",351,2016,10,11,"late","L3",474,78,6,"0",2016,"nd","nd","nd",740,"3rd"
"862","RYYYDY",531,2017,3,29,"late","L3",476.5,103,13.6,"nd",2016,"nd","nd","nd",765,"2nd"
"863","RYYYDY",357,2016,10,11,"late","L3",476,93,11,"0",2016,"nd","nd","nd",760,"2nd"
"864","RYYYGB",339,2016,10,11,"early ","E1",409,81,6.2,"0",2016,"nd","nd","nd",90,"2nd"
"865","RYYYGD",337,2016,10,11,"early ","E1",409,98,11,"0",2016,"nd","nd","nd",90,"1st"
"866","RYYYGP",338,2016,10,11,"early ","E1",409,93,9.8,"0",2016,"nd","nd","nd",90,"2nd"
"867","RYYYGP",667,2017,7,27,"early ","E1",407.5,123,23.6,"nd",2016,"nd","nd","nd",75,"2nd"
"868","RYYYGR",330,2016,10,11,"early ","E1",404,72,4.5,"0",2016,"nd","nd","nd",40,"3rd"
"869","RYYYGR",664,2017,7,27,"early ","E1",404,120,20.6,"nd",2016,"nd","nd","nd",40,"3rd"
"870","RYYYPR",795,2017,10,11,"late","L3",478,134,30.8,"0",2016,"nd","nd","nd",780,"2nd"
"871","RYYYPR",763,2017,7,31,"late","L3",478,113,17,"nd",2016,"nd","nd","nd",780,"2nd"
"872","RYYYPR",362,2016,10,11,"late","L3",477,88,9.4,"0",2016,"nd","nd","nd",770,"2nd"
"873","RYYYRB",329,2016,10,11,"early ","E1",404,94,10.8,"0",2016,"nd","nd","nd",40,"1st"
"874","RYYYRB",572,2017,5,25,"early ","E1",404,126,22.9,"nd",2016,"nd","nd","nd",40,"1st"
"875","RYYYRB",662,2017,7,27,"early ","E1",404,142,40.7,"nd",2016,"nd","nd","nd",40,"1st"
"876","RYYYRB",838,2017,10,12,"early ","E1",404,144,37.1,"0",2016,"nd","nd","nd",40,"1st"
"877","RYYYRD",324,2016,10,11,"early ","E1",404,88,7.7,"0",2016,"nd","nd","nd",40,"2nd"
"878","RYYYRP",325,2016,10,11,"early ","E1",404,114,16.4,"0",2016,"nd","nd","nd",40,"1st"
"879","RYYYRY",323,2016,10,11,"early ","E1",404,94,11.2,"0",2016,"nd","nd","nd",40,"2nd"
"880","RYYYRY",584,2017,5,25,"early ","E1",404,117,18.1,"nd",2016,"nd","nd","nd",40,"2nd"
"881","RYYYYB",526,2017,3,29,"late","L3",475,108,15.4,"nd",2016,"nd","nd","nd",750,"1st"
"882","RYYYYB",756,2017,7,31,"late","L3",472,135,28.7,"nd",2016,"nd","nd","nd",720,"1st"
"883","RYYYYB",797,2017,10,11,"late","L3",479,155,43.9,"0",2016,"nd","nd","nd",790,"1st"
"884","RYYYYB",350,2016,10,11,"late","L3",474,94,11,"0",2016,"nd","nd","nd",740,"1st"
"885","RYYYYP",349,2016,10,11,"late","L3",474,72,4.9,"0",2016,"nd","nd","nd",740,"3rd"
